ç±»åˆ«,åºå·,æ¨¡æ¿åŸå›¾,å°é¢å›¾,æ ‡ç­¾æ–‡æ¡ˆï¼ˆè‹±æ–‡ï¼‰,ä¸»æ ‡é¢˜ï¼ˆè‹±æ–‡ï¼‰,å‰¯æ ‡é¢˜ï¼ˆè‹±æ–‡ï¼‰,hot,new,æ–‡æ¡ˆ1,æ–‡æ¡ˆ2,æ–‡æ¡ˆ3,æ–‡æ¡ˆ4,æ–‡æ¡ˆ5
A,1,female_test_love1,cover_female_test_love1,Love Personality,What's Your Love's Secret Code? ğŸ¤«â¤ï¸ / ğŸ”‘ğŸ’–,Your love pattern is being analyzed...,0,0,,,,,
B,1,female_test_love2,cover_female_test_love2,Love Personality,Unveil Your Unique Love Personality... âœ¨ğŸ’–,"Gentle or distant, one test will tell...",0,0,,,,,
A,2,female_test_love3,cover_female_test_love3,Love Personality,How deeply you loveï½ğŸ˜,If you are overly dependent on love...,0,1,,,,,
C,2,female_test_love4,cover_female_test_love4,Love Personality,Which Love Archetype Are You? ğŸ’˜ğŸ‘‘,Uncover your romantic role!,0,0,,,,,
A,3,female_test_career1,cover_female_test_career1,Workplace Personality,Discover Your Unique Work Persona ğŸŒŸğŸ§‘â€ğŸ’¼,"""Workaholic Warrior"" or ""Master Slacker""?",0,0,,,,,
B,3,female_test_career2,cover_female_test_career2,Workplace Personality,Your Workplace Aura: Revealed! ğŸ”®âœ¨,See how your energy truly impacts your colleagues.,0,0,,,,,
A,4,female_test_career3,cover_female_test_career3,Workplace Personality,Promotion Potential: Are You a Hidden Gem? ğŸ’,What Your Boss Really Thinks: Get the Inside Scoop! ğŸ‘€,0,0,,,,,
B,-2,female_test_career4,cover_female_test_career4,Workplace Personality,Which Workplace Creature Are You?ğŸ‘€,5 Hidden Traits Await Your Discovery,1,0,,,,,
D,5,female_test_daily1,cover_female_test_daily1,Daily Test,Discover Your Inner Color: What Are You Radiating Today? âœ¨,A Different You Every Day~,0,0,,,,,
D,5,female_test_daily2,cover_female_test_daily2,Daily Test,Is Your Heart Open to Romance Today? â¤ï¸,Quick! Check Today's Love Forecast!,0,0,,,,,
C,6,female_test_daily3,cover_female_test_daily3,Daily Test,Unlock Your Day with One Word ğŸ”‘,What's Your Power Word for Today? ğŸ¤”,0,0,,,,,
C,6,female_test_daily4,cover_female_test_daily4,Daily Test,Your Daily Luck-O-Meter! ğŸ“Š,AI Predicts if Good Times Are Rolling Your Way!,0,0,,,,,
E,-2,female_test_mix1,cover_female_test_mix1,Comprehensive Analysis,Your Love Report is Ready!,See You Clearly at a Glance!,1,0,,,,,
A,7,female_test_mix2,cover_female_test_mix2,Comprehensive Analysis,What's Your Secret Personality Vibe? ğŸ˜,Click to See Analysis Report,0,0,,,,,
E,7,female_test_mix3,cover_female_test_mix3,Comprehensive Analysis,AI Simulates Your Love Story,Loadingâ€¦â€¦,0,0,,,,,
E,8,female_test_mix4,cover_female_test_mix4,Comprehensive Analysis,"Create Your ""Love Test Resume"" Now! ğŸ’Œ",Loadingâ€¦â€¦,0,0,,,,,
A,1,male_dating_avatar1,cover_male_dating_avatar1,Dating Partner,You Picked Her. Now Hear What Your Goddess Thinks... ğŸ‘‘,"She tells you: ""You're a little bad, I like it.""",0,0,,,,,
A,1,male_dating_avatar2,cover_male_dating_avatar2,Dating Partner,Today's Leading Lady is Herï½ğŸ˜,"""Don't look at me, I'll get shy~""",0,0,,,,,
B,2,male_dating_avatar3,cover_male_dating_avatar3,Dating Partner,Who's Snagging the Best Seat for Movie Night? ğŸ¤”,You even ordered popcorn~,0,0,,,,,
E,2,male_dating_avatar4,cover_male_dating_avatar4,Dating Partner,What's Your Success Rate? ğŸ¯Do They Say 'Yes' or 'Next'? ğŸ¤”,Your Avatar is Displayed on the Goddess's Phone Wallpaper!,0,0,,,,,
E,3,male_dating_name1,cover_male_dating_name1,Name Matching,She Finds Your Name InterestingğŸ˜Test your name matchingâ€¦â€¦,"""Your name sounds so flirty~""",0,0,,,,,
B,3,male_dating_name2,cover_male_dating_name2,Name Matching,Today's Best NicknameğŸ¤”,This is your nickname~,0,0,,,,,
E,4,male_dating_name3,cover_male_dating_name3,Name Matching,What's Your Nickname in Her Heart?ğŸ¤”ğŸ’—,"She says: ""You're too forward~""",0,0,,,,,
C,4,male_dating_name4,cover_male_dating_name4,Name Matching,A Name Compatibility Testï¼Ÿ,Result: Loading...,0,0,,,,,
D,5,male_dating_day1,cover_male_dating_day1,Today's Date,Are You in the Mood for a Date Today,The Date Determines Tonight's Luck,0,0,,,,,
D,5,male_dating_day2,cover_male_dating_day2,Today's Date,Love Alert! Your Love Moment is Setâ€¦â€¦,You'll Be Very Lucky Today at â€¦â€¦,0,0,,,,,
B,6,male_dating_day3,cover_male_dating_day3,Today's Date,She's Waiting for You Toda.Time is Key!,She will wait at â€¦â€¦,0,0,,,,,
D,6,male_dating_day4,cover_male_dating_day4,Today's Date,Best Dating Slot of the Day,Don't Be Late~,0,0,,,,,
A,7,male_dating_mix1,cover_male_dating_mix1,AI Matching,Test your Fate Index with HerğŸ˜,Loadingâ€¦â€¦,0,0,,,,,
D,7,male_dating_mix2,cover_male_dating_mix2,AI Matching,Test today's Love BriefingğŸ’Œ,Loadingâ€¦â€¦,0,0,,,,,
B,8,male_dating_mix3,cover_male_dating_mix3,AI Matching,Your Secret Love Portrait: Generated! ğŸ¤«,Remembered by THEM at â€¦â€¦,0,0,,,,,
D,-2,male_dating_mix4,cover_male_dating_mix4,AI Matching,Your Love Data: Decoded! ğŸ§¬,Creating a report for youâ€¦â€¦,1,0,,,,,
D,-1,female_test_humor1,cover_female_test_humor1,Humor,What's Your Banana Ripeness Level? ğŸŒ,The Peel-Good Question We All Secretly Ponder... ğŸ¤”,0,0,,,,,
D,-1,female_test_daily5,cover_female_test_daily5,Daily,Are You an Ocean Personality? ğŸŒŠ,The Tides Are Turning... Let's See!,0,0,,,,,
D,-1,female_test_love5,cover_female_test_love5,Love,What Kind of Guy Makes You Go... ğŸ”¥,SO HOTTTTT!,0,0,,,,,
D,-1,female_test_daily6,cover_female_test_daily6,Daily,What Brings You a Moment of Peace? ğŸ§˜â€â™€ï¸âœ¨,Shhh... Finding Your Calm...,0,0,,,,,
C,-1,female_test_daily7,cover_female_test_daily7,Daily,Discover Your Secret July Word!,Shhh... Don't Tell Anyone! ğŸ˜‰,0,0,,,,,
C,-1,female_test_daily8,cover_female_test_daily8,Daily,What Might You Miss in 2025?,"Sometimes, Missing Out is a Blessing in Disguise...",1,0,,,,,
B,-1,female_test_daily9,cover_female_test_daily9,Daily,One Objective Fact About You?,Self-Awareness Loading... Please Be Patient!,1,0,,,,,
C,-1,female_test_magic1,cover_female_test_magic1,Magic,Who Are You in Greek Mythology?,The Cosmos is Connecting to Your Energy...,0,0,,,,,
C,-1,female_test_daily10,cover_female_test_daily10,Daily,How Soon Will Your Birthday Wish Come True?,The Universe is Calculating!,0,0,,,,,
C,-1,female_test_magic2,cover_female_test_magic2,Magic,What's Your Perfect Superpower?,Your Unique Ability: Revealed!,0,0,,,,,
C,-1,female_test_love6,cover_female_test_love6,Love,What's Your Current Love Status? â¤ï¸,Love Status Loading... Please Wait,0,0,,,,,
C,-1,female_test_daily11,cover_female_test_daily11,Daily,Someone's Praying For You... Who Is It? ğŸ™ğŸ’–,You Are So Loved. Feel the Warmth!,0,0,,,,,
E,-1,female_test_friend1,cover_female_test_friend1,Friend,What's Your Friendship Adventure Style? ğŸ‰ğŸ—ºï¸,"Your ""Let's make some memories!""",0,0,,,,,
E,-1,female_test_friend2,cover_female_test_friend2,Friend,What kind of friend are you in the eyes of others?,"Analyzing your ""I'm here for you"" frequency...",0,0,,,,,
E,-1,female_test_friend3,cover_female_test_friend3,Friend,"What's Your ""Ride-or-Die"" Friend Persona?",Your friendship loyalty index is being calculated...,0,0,,,,,
E,-1,female_test_daily12,cover_female_test_daily12,Daily,What's Your Deepest Life Regret?,"That Lingering ""If Only""...",0,0,,,,,
E,-1,female_test_love7,cover_female_test_love7,Love,What's Your Lifetime Love Declaration? â¤ï¸ğŸ“œ,Reaching the Core of Your Heart...,0,0,,,,,
E,-1,female_test_love8,cover_female_test_love8,Love,Will Your 2026 Love Life Be Stable? ğŸ’–ğŸ”®,Love Results Loading...,0,0,,,,,
E,-1,female_test_daily13,cover_female_test_daily13,Daily,Tomorrow's First Greeting: What Will It Be? â˜€ï¸ğŸ’¬,You Open Your Eyes To...,0,0,,,,,
E,-1,female_test_love9,cover_female_test_love9,Love,When's That Next Kiss From Your Love? ğŸ˜˜,Waiting for That Sweet Moment... â³,0,0,,,,,
E,-1,female_test_love10,cover_female_test_love10,Love,"If You Could Love Again, Who Would It Be? ğŸ¤”â¤ï¸",Your Destined Love Story is Recalibrating...,0,0,,,,,
E,-1,female_test_daily14,cover_female_test_daily14,Daily,The Words You Need to Say Tomorrow...,What Are They Whispering to Your Heart?,0,0,,,,,
E,-1,female_test_daily15,cover_female_test_daily15,Daily,The Words You Should Have Heard Today...,What Did Your Heart Need to Hear? ğŸ’¬,0,0,,,,,
E,-1,female_test_daily16,cover_female_test_daily16,Daily,Who's Sending You a Letter? ğŸ’Œ,This Message is Just For You...,0,0,,,,,
E,-1,female_test_daily17,cover_female_test_daily17,Daily,How's Your Look Today? âœ¨ğŸ‘—,Style Report Loading... Get Ready!,0,0,,,,,
E,-1,female_test_daily18,cover_female_test_daily18,Daily,How's Your Current Crib Rated? ğŸ¡ğŸ§,Let's Check Out That Pad!,0,0,,,,,
E,-1,female_test_love11,cover_female_test_love11,Love,What Text Will Your Crush Send You? ğŸ“±â¤ï¸,You've Got a New Message! Let's See...,0,0,,,,,
E,-1,female_test_daily19,cover_female_test_daily19,Daily,Ping! You've Got a New Message! ğŸ’¬,Ping! You've Got a New Message! ğŸ’¬,0,0,,,,,
A,-1,female_test_humor2,cover_female_test_humor2,Humor,Which Italian Brainrot Are You?,Unveil Your Mythic AI Counterpart!,0,0,,,,,
A,-1,female_test_humor3,cover_female_test_humor3,Humor,What's Your Cartoon Persona?ğŸ¤©,Brain storm,0,0,,,,,
A,-1,female_test_humor4,cover_female_test_humor4,Humor,If you were in Hollywoodâ€¦â€¦,What's Your Star Role? ğŸ¬ğŸŒŸ,0,0,,,,,
D,-1,female_test_daily20,cover_female_test_daily20,Daily,"You gotta have a life motto, right...?",What would yours be? ğŸ¤”,0,0,,,,,
D,-1,female_test_humor5,cover_female_test_humor5,Humor,How will you die?ğŸ˜Want know?,The Outcome Might Just Slay YouğŸ˜‚,0,0,,,,,
D,-1,female_test_humor6,cover_female_test_humor6,Humor,How Are You Still Alive?!,"Seriously, we're calculating... please wait. â³",0,0,,,,,
C,-1,female_test_daily21,cover_female_test_daily21,Daily,Ta-da! What's Your Lucky Color? ğŸ¨âœ¨,"So, what IS it?!",0,0,,,,,
A,-1,female_test_love12,cover_female_test_love12,Love,Who's Your Zodiac Soulmate? ğŸ’–âœ¨,Your Cosmic Match Awaits! âœ¨,0,0,,,,,
D,-1,female_test_daily22,cover_female_test_daily22,Daily,Labubu's Got Luck? âœ¨ What's Your Lucky Vibe?,Your Good Juju is Compiling... Stand By!,0,0,,,,,
B,-1,female_test_daily23,cover_female_test_daily23,Daily,They Say Everyone Has a Lucky Month...,Is It True? Let's Find Yours!,0,0,,,,,
G,-2,female_test_parenting1,cover_female_test_parenting1,Parenting,Who's Pregnant Nowï¼Ÿ,Something Happy Is Coming,0,0,Your best friend has news to share.,A relative is expanding the family.,A colleague has a happy secret.,The good news might be yours.,It's just your own food baby.
G,-2,female_test_parenting2,cover_female_test_parenting2,Parenting,How Many Children Will You Have?,"Tiny Peek, Big News",0,0,One child.,A perfect pair.,Dog.,Cat.,Say goodbye to your savings.
H,-2,female_test_parenting3,cover_female_test_parenting3,Parenting,A Message From Your Future ChildğŸ’Œ,Message Incoming!,0,0,Can't wait to meet you.,Let me explore on my terms.,Let's be best friends.,You're already the best parent.,Start saving for my therapy.
F,-2,female_test_parenting4,cover_female_test_parenting4,Parenting,What is Your Baby's Personality Like?,A glimpse into the little soul you're destined to meet.,0,0,A curious and adventurous spirit.,"A quiet, thoughtful, gentle observer.","A creative, social little artist.","A warm, caring, natural leader.",A tiny dictator with an iron fist.
F,-2,female_test_parenting5,cover_female_test_parenting5,Parenting,Your Child Takes After You... or,A Perfect Blend of Love,0,0,"Your looks, your partner's free spirit.","Your partner's looks, your clever mind.",A perfect fusion of you both.,"Uniquely themselves, a brand new star.",A terrifying mix of your flaws.
G,-3,male_test_daliy1,cover_male_test_daliy1,Daily,What Will You Encounter in July?ğŸ”®,Your summer story awaits... âœ¨,1,0,Swimming pool,Watermelon,Prety girl,Popsicle,Mosquito
G,-3,male_test_daliy2,cover_male_test_daliy2,Daily,What's Your Next Ride? ğŸï¸,Your life's GPS is recalculating... ğŸ§­,1,0,A vintage convertible,An unstoppable delivery van,A cozy camper van,Your dad's old station wagon,A shopping cart
K,-3,male_test_daliy3,cover_male_test_daliy3,Daily,Your Soulmate's First Initial? ğŸ’Œ,Destiny is writing their name... âœï¸,1,0,O,B,M,J,Not Applicable
G,-2,male_test_daliy4,cover_male_test_daliy4,Daily,Your Perfect Pup ğŸ¾,Find your furry co-pilot... ğŸ—ºï¸,0,0,The Golden Retriever.,The French Bulldog.,The Shiba Inu.,The Corgi.,You don't have a dog
G,-2,female_test_daily30,cover_female_test_daily30,Daily,What Necklace Awaits You?,Your Perfect Pendant ğŸ’,0,0,Secret-Hiding Locket,Whisper-Thin Gold Chain,Good-Vibe Crystal Pendant,Bold Vintage Necklace,Office ID Lanyard
F,-2,male_test_daliy5,cover_male_test_daliy5,Daily,What's Your Missing Piece? ğŸ§©,The search is over... ğŸ—ºï¸,0,0,A one-way ticket to somewhere new.,A forgotten photo from a perfect day.,A dog-eared book with the perfect escape.,A key that opens a door you thought was locked.,The other AirPod.
M,-2,male_test_daliy6,cover_male_test_daliy6,Daily,What's Your Mantra? ğŸ“œ,A story waiting on your skin...,0,0,Onward,Still I rise,Amor Fati,Stay gold,Still not dead
J,-11,male_test_daliy7,cover_male_test_daliy7,Daily,Who's Your MBTI?,Decoding your love life...,0,1,ENTJ,INFP,ESFP,ISFJ,TBD (To Be Determined)
G,-2,male_test_daliy8,cover_male_test_daliy8,Daily,If You Were a Dog... ğŸ•,"Your personality, but furrier... ğŸ¾",0,0,Eternal Optimist Pup,Sunbeam Nap Expert,Goofy Park Star,Judgy Old Soul,Snack-Driven Doggo
H,-2,male_test_daliy9,cover_male_test_daliy9,Daily,Why Are You Single? ğŸ¤”,An investigative report...,0,0,"High Standards, Low Patience",Busy Growing Alone,Books > Real People,Snacks Aren't Shared,Dog > Everyone Else
G,-2,male_test_daliy10,cover_male_test_daliy10,Daily,What's Your Inner Evil?ğŸ¤«,Embrace your dark side... ğŸ¤«,0,0,Judging Bad Parking,Stealing Friend's Fries,Canceled Plans Joy,Remind Me Tomorrowâ€¦ Again,Advice You Don't Follow
J,-2,female_test_daily31,cover_female_test_daily31,Daily,What's Your Killer Feature? ğŸ˜‰,Prepare to be admired... âœ¨,0,0,Your hands,Your collarbones,Your smile,Your eyes,Your phone-holding pinky finger
L,-89,female_test_daily32,cover_female_test_daily32,Daily,Who's Stealing Your Heart?,Cupid's arrow is pointing at... ğŸ¹,1,0,Paint-Stained Artist,Witty Order-Knowing Barista,Story-Eyed Traveler,Laughs at Your Jokes,Muscle Guy
L,-2,male_test_daliy11,cover_male_test_daliy11,Daily,What's Your Kryptonite?,Unexpected Answers,0,0,The girl-next-door,The art school muse,The sharp-witted bookworm,The untamed adventurer,The pizza delivery girl
K,-2,male_test_daliy12,cover_male_test_daliy12,Daily,The Real You Is...,Unmasking the truth... ğŸ¤«,0,0,Quiet Power,Soft Rebel,Hope Holder,Joy Seeker,Functioning Chaos
F,-3,male_test_daliy13,cover_male_test_daliy13,Daily,Sounds You Crave at NightğŸŒ™ğŸ¤«,Listen closely... a secret is revealed,1,0,Phone Buzzing,Microwave Beep,Shower Running,Message Typing,Silence Again
G,-2,male_test_daliy14,cover_male_test_daliy14,Daily,What's The One Thing You Can't Quit? â›“ï¸,We all have our vices... what's yours? ğŸ”¥,0,0,The Fiery Spirit.,The Ice Queen.,The Gentle Sweetheart.,The Elegant Siren.,The last french fry in the bag.
J,-2,male_test_daliy15,cover_male_test_daliy15,Daily,What Can't You Resist? ğŸ˜,Discover Your Weak Spot,0,0,Gorgeous Women,Luxury Cars,Endless Snacks,Nonstop Fitness,Online Scrolling
J,-2,male_test_daliy16,cover_male_test_daliy16,Daily,ğŸ‹ï¸â€â™‚ï¸ What's Your Alpha Energy?,Test your silent dominance level.,0,0,Lifts in Silence,Cold-Stare King,Problem Solver Bro,Grill Master Alpha,"Loud, Wrong, Confident"
F,-2,male_test_daliy17,cover_male_test_daliy17,Daily,ğŸ€ What's Your Sports Vibe?,Find your true athlete energy.,0,0,Game Strategist,Hype Man,Ball Hog Hero,Stretch Guy,Sits & Scrolls
H,-3,male_test_daliy18,cover_male_test_daliy18,Daily,What's Your Bro Role?,Every group has one. You are him.,1,0,You are The Driver,You are The Instigator,You are The Disappearing Act,You are The Therapist,Brbâ€¦â€¦
J,-2,male_test_daliy19,cover_male_test_daliy19,Daily,ğŸ¯ What Truly Drives Your Life?,"Beneath it all, what really matters to you?",0,0,Freedom,Stability,Validation,Fun,Wi-Fi Signal
I,-2,male_test_daliy20,cover_male_test_daliy20,Daily,â¤ï¸ What Kind of Boyfriend Would You Be?,Based on your hidden traits.,0,0,The Gentle Protector,The Overthinking Romantic,The Funny Disaster,The Dependable Partner,"The ""Are we dating?"" guy"
F,-2,male_test_daliy21,cover_male_test_daliy21,Daily,ğŸ•¹ What Kind of Gamer Are You?,"We're not judging. Okay, maybe just a little.",0,0,The Sweaty Tryhard,The Lore Nerd,The Troll,The AFK Mystery Man,Still stuck on the tutorial
F,-11,male_test_daliy22,cover_male_test_daliy22,Daily,ğŸŒ²What Kind of Outdoorsman Are You?,Not all adventures need to be extreme.,0,1,Campfire Cook,Trail Guy,Fish & Chill Dude,Gear Collector,Only goes outside for deliveries
H,-2,male_test_daliy24,cover_male_test_daliy24,Daily,Your Life in 2026,What's your real vibe,0,0,"New job, new you","Still grinding, but closer","Remote life, peace restored",Married with your lover,"Same couch, same scrolling"
F,-2,male_test_daliy25,cover_male_test_daliy25,Daily,ğŸ‘¼ What Will Someone Say to You in Heaven?,"A line that hits deep, from someone who mattered.",0,0,"""I always believed in you.""","""You were funnier than you thought.""","""I wish I'd said goodbye properly.""","""You loved hard. That mattered.""","""Why'd you eat that gas station sushi?"""
J,-2,male_test_daliy26,cover_male_test_daliy26,Daily,Your Next 3 Monthsâ€¦ğŸ”®,"Your short-term destiny, revealed.",0,0,Unexpected romance,Career level-up,Big decisions ahead,"Sweet, peaceful nothingness",Trying to fix what you ignored last year
G,-2,male_test_daliy27,cover_male_test_daliy27,Daily,ğŸš— What's the Perfect Car for You?,Not what you can affordâ€”what suits your soul.,0,0,Matte-black sports car,Vintage muscle classic,All-terrain beast,Electric with AI everything,"Your current car, but cleaner"
F,-2,male_test_daliy28,cover_male_test_daliy28,Daily,What Broke Your Heart?,"One wound, still lingering.",0,0,She stopped laughing at your jokes,That one text you never got back,A dream you slowly gave up,Being replaced without a word,You got ghosted by Spotify Wrapped
G,-2,male_test_daliy29,cover_male_test_daliy29,Daily,What Toy Truly Represents You?,Because every grown man has a little boy in him.,0,0,YOUR TOY,YOUR TOY,YOUR TOY,YOUR TOY,YOUR TOY
G,-2,male_test_daliy30,cover_male_test_daliy30,Daily,ğŸ¤– Your AI-Generated Toy Form,ğŸ§  Let tech define your personality in plastic.,0,0,Your AI-Generated Toy,Your AI-Generated Toy,Your AI-Generated Toy,Your AI-Generated Toy,Your AI-Generated Toy
H,-3,male_test_daliy31,cover_male_test_daliy31,Daily,ğŸ•° Who Did You Miss?,Some just shape youâ€¦,1,0,The one who loved you quietly,A friend you grew apart from,Your younger self,Someone who forgave too much,ğŸ¥€ Everyone who gave you a chance
I,-2,male_test_daliy32,cover_male_test_daliy32,Daily,If You Were a Dad...,What kind of man of the house would you be?,0,0,Snack-sharing dad,Joke Dad,Silent protector,Overprepared worrier,"""Ask your mom"""
N,-3,female_test_love13,cover_female_test_love13,love,What's Your Secret Charm? âœ¨,What Makes You Irresistible? Magnetic You! ğŸ”¥,0,0,The Sparkling Conversationalist|||| Lights up every room with charm and wit.,"The Warm Heart & Gentle Soul||||Kind, empathetic, instantly makes people feel safe.","The Adventurous Spirit & Fun-Lover||||Spontaneous, exciting, always ready for adventure.","The Quiet Confidence & Intriguing Depth||||Mysterious, calm, confidence that draws others in.","The Unpaid Therapist!||||You listen endlessly, validate perfectly, and stay selfless."
N,-3,female_test_love14,cover_female_test_love14,love,Is Love Around the Corner? ğŸ’˜,Peeking at Your Romantic Forecast!,0,0,"Get Ready, It's Blooming Soon!||||Love is nearâ€”stay open, stay hopeful!",Subtle Sparks are Igniting...||||Quiet connections are slowly turning into sparks.,"Focus on You, Love Will Follow!||||Shine firstâ€”love will come naturally.",Surprise Detour to Romance!||||Unexpected romance is right around the corner.,You're Experiencing a Profound Connection... ||||with Your Couch!Your bond with your couch and shows is truly unbreakable.
N,-3,female_test_love15,cover_female_test_love15,love,What's Your Love Flavor Today? ğŸ¦ğŸ’–,What's cooking in your love life today?,0,0,"Spicy & Exciting!||||Fiery passion, daring energy, thrilling love moments ahead.","Sweet & Comforting!||||Warm, cozy connections bring simple joy today.","Zesty & Refreshing!||||Fresh love energy, perfect for new beginnings.","Rich & Satisfying!||||Craving deep, meaningful, and fulfilling connections today.","Salty & Over-analyzed!||||You overthink old texts, imagining meanings and regrets."
M,-3,female_test_love16,cover_female_test_love16,love,What Text From Your Crush? ğŸ“±ğŸ’­,Waiting for That DM? ğŸ¥° If Your Crush Messaged NOW...ğŸ’¬,0,0,"Wishing for a sweet, simple 'thinking of you' text.",Hoping for fun plans or spontaneous romantic invite.,"Longing for deep, thoughtful, emotional conversations via text.","Dreaming of flirty, bold, heart-racing surprise messages.","You're really just craving a good meme, not a message."
N,-3,female_test_love17,cover_female_test_love17,love,Your Secret Love Superpower? ğŸ¦¸â€â™€ï¸â¤ï¸,If You Had a Romance Power...,0,0,The Mind Reader!||||Know exactly what they think and feelâ€”no guessing needed.,The Perfect Matchmaker!||||Spot true love and bring soulmates together effortlessly.,The Charm Caster!||||Your charm and wit captivate everyone instantly.,"The Heart Healer!||||Heal hearts gently, building trust and deep connections.",The Perfect Plan Canceler!||||You sense invites early and save your free evenings wisely.
N,-3,female_test_love18,cover_female_test_love18,love,If Cupid Offered You This Irresistible Power Today...,What would you do with instant adoration?,0,0,"Yes, Please! I Know Exactly Who!||||You want to spark undeniable, mutual love now.","Tempting... But It Must Be Real!||||You seek genuine love, not just a magical fling.",I'd Rather Win Them Over Myself!||||You trust your own charm to win true love.,"Hmm, Can I Save This Power For Later?||||You'd wait for the perfect moment to use it.",Tempting... But Could it Make My Food Delivery Arrive Faster?||||You want loveâ€”but mostly your pizza to arrive faster!
N,-3,female_test_love19,cover_female_test_love19,love,What Soothes Your Weary Soul? ğŸ¥°,Unveiling your comfort needs!,0,0,"A Warm, Silent Hug & Presence||||Silent embrace melts stress; just being there comforts deeply.","Understanding Words & A Listening Ear||||You need hearing, kindness, and validating words without judgment.",Practical Help & Taking Charge||||They help with tasks so you can truly relax.,Lighthearted Distraction & Laughter||||Silly fun and laughter lift your spirits and ease stress.,"A Perfect, Uninterrupted Internet Connection||||Strong Wi-Fi lets you scroll stress-free without buffering."
N,-3,female_test_love20,cover_female_test_love20,love,What Makes Your Heart Skip? â¤ï¸,Where does your heart feel most at ease and excited?,0,0,"Cozy & Intimate Comfort||||Soft blankets, quiet talks, and feeling completely understood.","Playful & Lighthearted Fun||||Laughter, adventures, and carefree moments that spark joy.",Deep & Meaningful Connection||||Profound talks and shared vulnerability captivate your heart.,Elegant & A Little Glamorous||||Sophistication and soft music make romance feel magical.,A Vibe That Requires No 'Real Clothes'||||Sweatpants are formalâ€”comfort and chill reign supreme.
N,-11,female_test_love21,cover_female_test_love21,love,Your Crush's First Impression of You? ğŸ¤”âœ¨,Do you want to know?,0,1,You're Instantly Charming & Amusing!||||Your bright energy makes others smile and laugh easily.,You Radiate Quiet Depth & Intrigue...||||Your thoughtful nature quietly draws people in deeply.,Your Confidence & Style Are Striking!||||Your unique style and confidence make you unforgettable.,"You Create an Unexpected, Warm Connection!||||You make others feel warmth and genuine connection instantly.",You Radiate 'Won't Cause Any Trouble.'||||You agree easily and ask littleâ€”refreshingly low-maintenance.
N,-3,female_test_love22,cover_female_test_love22,love,What Unplanned Event Would Bring You Closer?,Discover the magic of serendipity in love!,0,0,"A Shared, Silly Mishap!||||Funny blunders like rain mishaps build your laughter bond.","An Unplanned, Deep Conversation!||||Unexpected honest talks spark intimacy and connection.",A Spontaneous Act of Teamwork!||||Solving small challenges together strengthens your bond.,"An Unexpected, Thoughtful Gesture!||||Surprise kindness or gifts warm your heart deeply.","A Shared, Unstable Wi-Fi Signal!||||Bond over buffering woesâ€”first-world love language unlocked."
O,-3,female_test_daily24,cover_female_test_daily24,daily,OU! ğŸ“±ğŸš¨ Final 10% - What's Your Priority?,How do you handle the dreaded low battery warning?,0,0,Send quick messages or check DMs before shutdown.,Check maps and save info; practicality comes first.,Squeeze in one last song or video for fun.,Embrace silence and a phone-free moment calmly.,"You reorganize apps in chaos, creating calm illusions."
N,-3,female_test_daily25,cover_female_test_daily25,daily,What Tiny Daily Act Brings You the Most Happiness?,What little habit makes life brighter?,0,0,"The Morning Awakening Ritual||||A calm start with coffee, meditation, or gentle stretch.",The Creative Escape Ritual||||Time for creative hobbies recharges and brings joy.,"The Cozy Comfort Ritual||||Comfort rituals like blankets, books, or warm baths soothe.",The Mindful Appreciation Ritual||||Noticing small joys and gratitude fills you with peace.,The 'Just Five More Minutes' Ritual||||You negotiate with your alarm for precious extra sleep.
N,-3,female_test_daily26,cover_female_test_daily26,daily,If Your Wallet Could Talk... ğŸ’¬ğŸ’¸,What Would Your Wallet Really Tell You?,0,0,Feed Me More! I'm Feeling a Bit Light!||||Your wallet wants more savings and financial security.,Treat Yourself! You Deserve That Little Splurge!||||You've earned a special treatâ€”go ahead and indulge!,"Let's Plan an Adventure! Save Up for Experiences!||||Save for memories, not thingsâ€”adventure awaits!","Thank You for Being So Wise & Responsible!||||Your wallet loves your smart, responsible spending habits.",The Relic in Your Pocket||||Your wallet's now a dust collector and forgotten memories box.
N,-3,female_test_daily27,cover_female_test_daily27,daily,What Life Change Awaits? âœ¨ğŸ—ºï¸,Peeking at the Next Chapter of Your Story!,0,0,A Spark of New Inspiration & Creativity!||||Fresh ideas and creativity inspire exciting new projects.,A Shift Towards Deeper Connections!||||Meaningful relationships deepen with more understanding and heart.,An Opportunity for Growth & Learning!||||New challenges bring growth and valuable learning experiences.,A Breath of Fresh Air & New Beginnings!||||A fresh start or change brings optimism and new possibilities.,An Opportunity to Deepen Your Connection... with Your Couch!||||More canceled plans mean deeper bonds with your couch and shows.
O,-3,female_test_daily28,cover_female_test_daily28,daily,A Message From Your Future Self! ğŸ’Œâ³,What does your future know that you don't?,0,0,"Trust your gut more, you're onto something big!",Don't sweat the small stuff so much; it all works out. Seriously.,Take that leap you're scared of â€“ it's SO worth it!,Remember to slow down and savor these moments. They're precious.,Stop overthinking that textâ€”it meant nothing. Nap instead!
N,-3,female_test_daily29,cover_female_test_daily29,daily,What Amazing Things Will You Have Achieved & Gained in 10 Years?,Let's seeâ€¦,0,0,"Deep Wisdom & Inner Peace||||In 10 years, you'll radiate calm wisdom and inner peace.",Inspiring Success & Recognition||||Your dedication brings big achievements and well-earned praise.,"Meaningful Connections & A Loving Tribe||||You build a strong, loving tribe full of joy and support.",Adventurous Experiences & A Worldly View||||You gather adventures that broaden your rich worldview.,"Ergonomics? Never Heard of Her.||||In 10 years, you'll have back pain and quirky sitting grunts."
N,-3,female_test_entertainment1,cover_female_test_entertainment1,entertainment,Which 'Friends' Character Are You? â˜•ï¸ğŸ›‹ï¸,If you were in this storyâ€¦,0,0,"You're Monica Geller!||||Organized, loyal, and bossy with a big heart.","You're Rachel Green!||||Stylish, resilient, and deeply values friendships.","You're Phoebe Buffay!||||Eccentric, kind, and always quirky with unique views.","You're Chandler Bing!||||Sarcastic, funny, and a caring, loyal friend.",Left on 'Maybe Next Time||||You're the unseen friend everyone cancels for staying in.
N,-3,female_test_entertainment2,cover_female_test_entertainment2,entertainment,If today you could own a 'prop' from a classic movie/TV showâ€¦,what would you choose?,0,0,The Lightsaber (Star Wars)||||Elegant weapon for defense and looking incredibly cool.,The Time-Turner (Harry Potter)||||Attend more classes or relive moments with ease.,The DeLorean Time Machine (Back to the Future)||||Travel eras and witness history or create adventures.,"The One Ring (Lord of the Rings)||||Powerful and alluring, but handle with great care.","Small Talk? Hard Pass||||You'd mute every 'So, what've you been up to?' question endlessly."
N,-3,female_test_entertainment3,cover_female_test_entertainment3,entertainment,Which Film Icon Are You Today?,If You Could Live a Day as a Classic Movie Character...,0,1,"Elizabeth Bennet (Pride and Prejudice)||||Witty, independent, charming in society's drawing rooms.","Indiana Jones (Raiders of the Lost Ark)||||Thrilling adventures with clues, traps, and classic style.","Holly Golightly (Breakfast at Tiffany's)||||Quirky glamour, parties, and searching for belonging.","James Bond (007 Franchise)||||Espionage, gadgets, and daring missions with charm.",Still Here. Barely||||You quietly encourage yourself while zoning out in meetings.
M,-3,female_test_entertainment4,cover_female_test_entertainment4,entertainment,Will Your Idol Notice You? âœ¨ğŸ’–,What Are the Odds Your Fave Will See Your Comment?,0,0,"Your comment shinesâ€”witty, heartfelt, perfectly timed!",Almost there! Add creativity and keep engaging.,"Tough crowd, but your passion keeps you shining.","No reply yet, but your love fuels their success.",Your heartfelt comment becomes a social media manager's highlight!
O,-3,female_test_entertainment5,cover_female_test_entertainment5,entertainment,Reality TV You! ğŸ¬âœ¨ Which Star Archetype? ğŸ¤©,What Role Would You Play in the Unscripted Drama?,0,0,"The Witty Confessional King/Queen.You deliver hilarious, sharp, and sarcastic commentary.",The Unexpected Peacemaker & Voice of Reason.Calm mediator bringing sense amid the chaos.,"The Lovable Underdog Everyone Roots For.Quiet start, but your heart wins the audience.","The Strategic Mastermind (Low-Key Villain?).Playing smart, always steps ahead, stirring drama.","You're the background snack seeker, avoiding drama effortlessly."
G,-101,male_brazil_daliy10,cover_male_brazil_daliy10,Daily,Whatholiday are you?ğŸŠ,Loading... ğŸ‡§ğŸ‡·,0,0,,,,,
F,-6,male_brazil_daliy11,cover_male_brazil_daliy11,Daily,When you are 70 years oldâ€¦,What will you do... ğŸŒ´,0,0,,,,,
G,-99,male_brazil_daliy12,cover_male_brazil_daliy12,Daily,Your Ultimate Fan? âš½ï¸â¤ï¸,She is in your heartâ€¦,0,0,,,,,
G,-6,male_brazil_daliy13,cover_male_brazil_daliy13,Daily,Your True Love Is... ğŸ’˜,Destiny is swiping right... âœ¨,0,0,,,,,
G,-6,male_brazil_daliy14,cover_male_brazil_daliy14,Daily,What's Your Sexiest Feature? ğŸ˜‰,The secret's out... âœ¨,0,0,,,,,
I,-101,male_Indonesia_daliy15,cover_male_Indonesia_daliy15,Daily,Which Sambal Personality Are You? ğŸŒ¶ï¸,Time to reveal your inner spice... ğŸ”¥,0,0,,,,,
G,-99,male_Indonesia_daliy16,cover_male_Indonesia_daliy16,Daily,What's on Your Menu Today? ğŸ½ï¸,Your culinary calling is... ğŸ‡®ğŸ‡©,0,0,,,,,
F,-100,female_brazil_parenting1,cover_female_brazil_parenting1,Parenting,Baby on Board? ğŸ‰,A joyful surprise awaits.,0,0,,,,,
G,-6,female_brazil_parenting2,cover_female_brazil_parenting2,Parenting,Future Family Count? ğŸ‘¨â€ğŸ‘©â€ğŸ‘§â€ğŸ‘¦,Peek into your baby boom.,0,0,,,,,
H,-100,female_brazil_parenting3,cover_female_brazil_parenting3,Parenting,Whispers from the Futureâ€¦ ğŸ¼,Hear what your child wants to say.,0,0,,,,,
F,-6,female_brazil_parenting4,cover_female_brazil_parenting4,Parenting,Your Baby's True Colors ğŸŒˆ,A peek into their little soul.,0,0,,,,,
F,-6,female_brazil_parenting5,cover_female_brazil_parenting5,Parenting,"Like Parent, Like Child? ğŸ‘¶â¤ï¸",The traits you both share.,0,0,,,,,
G,-6,male_brazil_daliy1,cover_male_brazil_daliy1,Daily,July's Surprises Await! â˜€ï¸,our summer tale begins.,0,0,,,,,
G,-6,male_brazil_daliy2,cover_male_brazil_daliy2,Daily,What's Your Next Ride? ğŸï¸,Your life's GPS is recalculating... ğŸ§­,0,1,,,,,
I,-6,male_brazil_daliy3,cover_male_brazil_daliy3,Daily,Guess Your Love's First Letter ğŸ’–,Fate is scripting their story.,0,0,,,,,
G,-6,male_brazil_daliy4,cover_male_brazil_daliy4,Daily,Meet Your Dream Dog! ğŸ•,Your furry adventure buddy.,0,0,,,,,
F,-6,male_brazil_daliy5,cover_male_brazil_daliy5,Daily,Find Your Missing Link ğŸ”—,The quest ends here.,0,0,,,,,
M,-6,male_brazil_daliy6,cover_male_brazil_daliy6,Daily,Your Soul's Mantra âœ¨,A tale inked within.,0,0,,,,,
G,-6,male_brazil_daliy8,cover_male_brazil_daliy8,Daily,What Dog Breed Is Your Soul? ğŸ¶,"Furry instincts, human heart. ğŸ¦´",0,0,,,,,
H,-6,male_brazil_daliy9,cover_male_brazil_daliy9,Daily,What's Keeping You Single? ğŸ’”,Let's blame the stars. âœ¨,0,0,,,,,
F,-6,male_brazil_daliy15,cover_male_brazil_daliy15,Daily,What Kind of Villain Are You? ğŸ˜ˆ,Your darkness has a name.ğŸ–¤,0,0,,,,,
F,-100,female_brazil_daily31,cover_female_brazil_daily31,Daily,Your Secret Weapon? ğŸ˜,Turn heads without trying.,0,0,,,,,
G,-6,female_brazil_daily32,cover_female_brazil_daily32,Daily,Who's Living in Your Head? ğŸ’­,Rent-free... and heart-deep.,0,0,,,,,
G,-100,male_brazil_daliy16,cover_male_brazil_daliy16,Daily,Where Do You Fall Apart? ğŸ’¥,The little things that break you.,0,0,,,,,
I,-6,male_brazil_daliy17,cover_male_brazil_daliy17,Daily,Behind the Mask... ğŸ­,Discover who you really are.,0,0,,,,,
F,-6,male_brazil_daliy18,cover_male_brazil_daliy18,Daily,Whispers After Dark... ğŸŒ™,Listen â€” your soul speaks.,0,0,,,,,
G,-6,male_brazil_daliy19,cover_male_brazil_daliy19,Daily,Your Hardest Habit? â›“ï¸,We all have our demons.,0,1,,,,,
L,-4,female_test_love23,cover_female_test_love23,love,Someone knocks at your door at 2 a.m. ğŸ˜ğŸ”¥Whoï¼Ÿ,You weren't expecting companyâ€¦ or were you?,0,0,"Your ex with ""unfinished business""",The neighbor who flirts too much,A stranger who knows your name,"Your best friend, acting weird",Just your food deliveryâ€”again
O,-4,female_test_daily33,cover_female_test_daily33,daily,Your bed knows everything. ğŸ›ï¸ğŸ¤«,What secrets does it hold?,0,0,Too many solo nights,Stolen kisses and regrets,"Accidental sleepovers, maybe",Dreams I don't admit,"Crumbs, shame, and Netflix"
G,-4,female_test_love24,cover_female_test_love24,love,What's the one temptation you always give in to? ğŸ”®ğŸ˜®â€ğŸ’¨,Some things are just too hard to resist.,0,0,Midnight scrolling sessions,That one forbidden snack,"Old flames texting ""hey""",Skipping one more workout,"""Just looking"" turns into chaos"
M,-4,female_test_love25,cover_female_test_love25,love,You hear a voice calling your name in the dark. ğŸ‘‚ğŸ–¤ Whose voice is it?,Some voices stay with you.,0,0,Someone long gone,Someone you never kissed,"Your own, sounding unsure",The one you avoid,Probably your fridge again
I,-11,female_test_daily34,cover_female_test_daily34,daily,What kind of energy always finds you after dark? âœ¨,The night has its favorites.,0,1,Overthinking mode,Risky texts,Quiet confidence,Wild ideas,Regret hangover
M,-4,female_test_daily35,cover_female_test_daily35,daily,Which workout makes you feel way too hot? ğŸ‹ï¸â€â™‚ï¸ğŸ¥µ,The kind that burns... everything.,0,0,Leg day,Hot yoga,Core burnout,Stair sprints,Walking... to fridge
M,-11,male_test_love1,cover_male_test_love1,love,What's the most flirtatious thing you've done with dumbbells nearby? ğŸ‹ï¸â€â™‚ï¸ğŸ’˜,Some reps come with extra tension.,0,1,Slow curls,Mirror flex,Shirt adjust,Eye contact,"Dropped weightâ€”""oops"""
H,-4,female_test_love26,cover_female_test_love26,love,"A stranger types ""I miss you."" ğŸ˜",How do you text back?,0,0,"""Who is this?""","""Miss you too.""","""Stop texting me.""","""Nice try ğŸ˜‰""","""Wrong number, buddy."""
H,-4,female_test_love27,cover_female_test_love27,love,"""I know your secrets.""ğŸ¤«",How do you text back?,0,0,"""What secrets?""","""You're lying.""","""Stop stalking me.""","""Say more.""","""K, creepy much?"""
M,-4,female_test_love28,cover_female_test_love28,love,The messages always arrive when you're most aloneâ€¦,What do you think it means?,0,0,Someone cares deeply,Fate is playing games,It's just coincidence,Time to reflect,Phones love to troll
M,-4,female_test_love29,cover_female_test_love29,love,Your screen lights up. Just a name.,Who's it?,0,0,Alex â€” Ex,Jamie â€” Best Friend,Mom â€” Family,Boss â€” Work,Unknown â€” Spam
M,-4,female_test_love30,cover_female_test_love30,love,What's between you two? ğŸ”¥ğŸ§²,Describe your connection.,0,0,"Pure chemistry, no strings.",Complicated but irresistible pull.,"Just friends, nothing more.","Secret crush, unspoken feelings.","Awkward silence, no clue."
G,-4,female_test_love31,cover_female_test_love31,love,Someone keeps texting you late at night. You...,How do you react?,0,0,Ignore completely,Reply cautiously,Feel annoyed,Get curious,Block immediately
H,-4,female_test_love32,cover_female_test_love32,love,"They say ""We shouldn't."" You reply...",What's your text reply?,0,0,"""Why not, explain?""","""I don't care.""","""Maybe we should.""","""Let's risk it.""","""Good advice, lol."""
G,-89,female_test_love33,cover_female_test_love33,love,The last text was innocent... or was it?,What's your gut feeling?,1,0,Flirting with secrets,Hidden desire there,More than words,Testing my limits,Drama? Bring popcorn!
G,-4,male_test_love2,cover_male_test_love2,love,"If a woman takes the lead, how do you respond?",What's your reaction?,0,0,Loving the confidence,Feeling intrigued,Ready to follow,Slightly surprised,"Lost, send help!"
G,-4,female_test_love34,cover_female_test_love34,love,ğŸ˜What's your secret weapon when trying to impress someone?,Pick your go-to move.,0,0,Smooth talk,Confident smile,Clever jokes,Genuine kindness,Just awkward charm
M,-4,female_test_love35,cover_female_test_love35,love,Which emoji best describes your flirting style?,Choose your vibe.,0,0,ğŸ˜˜ (Playful kiss),ğŸ˜ (Flirty smirk),ğŸ¥° (Adoring face),ğŸ˜ˆ (Cheeky devil),ğŸ™ƒ (Awkward charm)
G,-4,male_test_daily33,cover_male_test_daily33,daily,If you had to pick a car to impress someoneâ€¦ğŸš—ğŸ”¥,Which ride do you choose?,0,0,Sleek sports car,Classic vintage ride,Luxury SUV,Electric and eco,"Your bike, obviously"
O,-4,female_test_daily36,cover_female_test_daily36,daily,If you could relive one day from your pastâ€¦,Which day would it be?,0,0,First love moment,Biggest life success,Crazy fun party,Quiet peaceful day,The day you napped
G,-6,female_Thailand_daily1,cover_female_Thailand_daily1,food,Tap the food to find your Thai foodie soul! ğŸŒŸ,Your taste buds never lie,0,1,,,,,
G,-101,female_Thailand_daily2,cover_female_Thailand_daily2,travel,Tap to unlock your sacred chaos ğŸ˜‡ğŸ˜ˆ,Which Thai Temple Are You? âœ¨,0,1,,,,,
G,-101,female_Thailand_daily3,cover_female_Thailand_daily3,movie,Unlock Your Inner Drama or Character! ğŸ­ğŸ”¥,Step into the spotlight of your story.,0,1,,,,,
G,-101,female_Thailand_daily4,cover_female_Thailand_daily4,love,Your Perfect Partner Awaitsâ€”Are They You? ğŸ’,Find out the personality of your true love match! ğŸŒŸ,0,1,,,,,
G,-101,female_Thailand_daily5,cover_female_Thailand_daily5,animal,"If You Were an Animal, Who'd You Be?",Find out which animal reflects your spirit!,0,1,,,,,
M,-6,female_Thailand_daily6,cover_female_Thailand_daily6,travel,What's Your Travel Index for the Year?âœ¨,Your travel vibes are loadingâ€¦,0,1,,,,,
G,-101,female_Thailand_daily7,cover_female_Thailand_daily7,love,Find out your perfect Mr. RightğŸ’–,Check your love vibes!,0,1,,,,,
M,-101,female_Thailand_daily8,cover_female_Thailand_daily8,wealth,Your Wealth Potential: Millionaire or Not?,Unlock your money mindset,0,1,,,,,
M,-6,female_Thailand_daily9,cover_female_Thailand_daily9,color,ğŸ”® What's Your Psychic Soul Color?,Discover the mystical color of your soul,0,1,,,,,
G,-6,female_Thailand_daily10,cover_female_Thailand_daily10,festival,Your Perfect Festival Match Awaits! ğŸŠğŸŒŸ,Discover your perfect Thai celebration! ğŸ‰âœ¨,0,1,,,,,
J,-101,female_Thailand_kpop1,cover_female_Thailand_kpop1,entertainment,Meet Your  K-Pop Twinâ€¦ğŸ’ƒ,"Your vibe, their fame",0,1,,,,,
I,-6,female_Thailand_kpop2,cover_female_Thailand_kpop2,entertainment,ğŸ¤Which Idol Type Are You?,From cute to chaotic,0,1,,,,,
G,-6,female_Thailand_kpop3,cover_female_Thailand_kpop3,entertainment,Unmask Your Toxic K-pop Heartthrob! ğŸ’”âœ¨,You'll regret itâ€¦ but you won't stop,0,1,,,,,
G,-100,female_Thailand_kpop4,cover_female_Thailand_kpop4,entertainment,Who's Your Idol Match?,Your K-pop twin in Thailand,0,1,,,,,
J,-101,female_Thailand_kpop5,cover_female_Thailand_kpop5,entertainment,ğŸ›ï¸ Your Weekend Planï¼Ÿ,Let your bias decide,0,1,,,,,
M,-99,female_Thailand_kpop6,cover_female_Thailand_kpop6,entertainment,What's Your K-pop Soft Power Style? ğŸŒŸğŸµ,What makes you irresistible?,0,1,,,,,
G,-101,female_Thailand_kpop7,cover_female_Thailand_kpop7,entertainment,What's your Fan Energy?,Your concert-day personality,0,1,,,,,
M,-6,female_Thailand_kpop8,cover_female_Thailand_kpop8,entertainment,How Strong Is Your Fan Spirit? ğŸ’«,Pick a phrase that matches you,0,1,,,,,
M,-101,female_Thailand_kpop9,cover_female_Thailand_kpop9,entertainment,Your K-pop Dating Energyâ€¦,Which MV matches your heart?,0,1,,,,,
M,-6,female_Thailand_kpop10,cover_female_Thailand_kpop10,entertainment,What's the Vibe You Bring On Stage? ğŸ”¥,What do fans feel?,0,1,,,,,
M,-5,female_test_daily37,cover_female_test_daily37,Daily,Tap the Duck to Reveal Your Savage Mood ğŸ¥ğŸ’…,How cold is your stare?,0,0,You're ice in mascara.,Silent but emotionally violent.,"Looks kill, and you know.",Smirk. Sip. Vanish. Repeat.,They deserved it anyway. ğŸ« 
N,-5,female_test_daily38,cover_female_test_daily38,Daily,ğŸ’– Touch the Labubu to find your hidden personality!,What's your summer soul type?,0,0,Sweet summer soul.,Always ready for fun.,Just chilling by yourself.,Spreading good vibes.,My brain is on vacation.
M,-5,female_test_daily39,cover_female_test_daily39,Daily,Tap the heart to reveal your friendship style!,What kind of friend are you?,0,0,Always by your side.,Ready for any adventure.,Your biggest cheerleader.,Easygoing and chill.,Mostly here for the snacks.
M,-5,female_test_daily40,cover_female_test_daily40,Daily,ğŸ‘ˆ Pick A Side ğŸ‘‰ Your choice reveals a secret about you!,What is your love superpower?,0,0,Deep emotional connection.,You make everyone laugh.,Unwavering loyalty.,Understanding unspoken feelings.,Expert in overthinking everything.
M,-5,female_test_daily41,cover_female_test_daily41,Daily,âœ¨ What's your inner pop star anthem? âœ¨,Reveal your personality anthem.,0,0,Chart-topping banger,Sweet love ballad,Upbeat dance hit,Indie chill track,Sound of your alarm
M,-5,female_test_daily42,cover_female_test_daily42,Daily,On Weekends we wear pink... but what's your true vibe?,Reveal your inner 'Mean Girl'.,0,0,"A loyal, true friend.",The life of the party.,Secretly judging everyone.,Smart and ambitious.,Just here for the drama.
M,-5,female_test_daily43,cover_female_test_daily43,Daily,ğŸ¤« This test knows your secret thought...,What's really on your mind?,0,0,Analyzing the situation.,Planning my next move.,Lost in a daydream.,Feeling others' emotions.,Thinking about next meal.
M,-5,female_test_daily44,cover_female_test_daily44,Daily,What's your 90s dating vibe? This kiss reveals it all!,Reveal your first love story.,0,0,"A sweet, classic romance.",Full of fun and drama.,A cute and shy crush.,"An intense, passionate love.",My VCR ate the tape.
M,-5,female_test_daily45,cover_female_test_daily45,Daily,ğŸ˜‚ Thriving or just surviving? ğŸ˜° Pick a side to find your truth!,Your daily energy check-in.,0,0,Go with the flow.,Anxious but ambitious.,Chaotically getting things done.,A professional overthinker.,My brain has 100 tabs open.
M,-5,female_test_daily46,cover_female_test_daily46,Daily,Channel your inner Ari ğŸ’… What's your star power?,Reveal your hidden star quality.,0,0,Effortless confidence.,A captivating voice.,Sweet but sassy charm.,Bold and unapologetic.,Powered by 3 hours sleep.
M,-5,female_test_daily47,cover_female_test_daily47,Daily,This test knows what your soul is craving... ğŸŠ,Reveal your secret craving.,0,0,A burst of fresh energy.,A quiet moment of peace.,Creative time for yourself.,"A deep, meaningful connection.",For my expensive skincare to work.
M,-5,female_test_daily48,cover_female_test_daily48,Daily,ğŸ˜ Are you chaotic chic or perfectly prepped?,Unpacking your personality type.,0,0,"Perfectly balanced, inside & out.","Fun, flirty, and spontaneous.",Trying my best to adult.,Everything has its place.,My lunch is usually coffee.
M,-97,female_test_daily49,cover_female_test_daily49,Daily,ğŸ”¥ Cast Your Vote: Hot or Not?,Defining your unique vibe.,1,0,A crowd-pleasing favorite.,"Bold, unique, unforgettable.","The comforting, reliable choice.",A little bit of everything.,My opinions change daily.
M,-5,female_test_daily50,cover_female_test_daily50,Daily,âœ¨ Youngest vs. Oldest âœ¨ We'll guess your soul's age!,Your soul's comfort food.,0,0,Young at heart.,An old soul.,Perfectly in between.,Wise but playful.,Just really hungry.
M,-5,female_test_daily51,cover_female_test_daily51,Daily,ğŸ• Build Your Dream Combo & We'll Guess Your Vibe!,Your ultimate cheat day.,0,0,Savory and social.,Sweet and cozy.,Cool and spontaneous.,Loves all the attention.,Making bad decisions.
M,-5,female_test_daily52,cover_female_test_daily52,Daily,ğŸ€ What's Your Aesthetic Level?,Discover your true vibe.,0,0,A subtle hint.,Perfectly put together.,A total vibe.,Bold and balanced.,A beautiful mess.
M,-5,female_test_daily53,cover_female_test_daily53,Daily,ğŸï¸ Villa or Palace? ğŸ‘‘ Your choice reveals your inner royalty!,Discover your dream lifestyle.,0,0,Modern and chic.,Classic and elegant.,Loves all things luxury.,Born for the spotlight.,Just want a day off.
M,-5,female_test_daily54,cover_female_test_daily54,Daily,ğŸ¥€ This quiz knows your inner Lana Del Rey song...,Decoding your inner monologue.,0,0,Beautifully melancholic.,Old Hollywood glamour.,Romanticizing life.,Lost in thought.,Avoiding my problems.
I,-5,male_test_daily34,cover_male_test_daily34,Daily,Street Style or Soft Boy? ğŸ–¤âœ¨ Your choice reveals your aura!,Pinpointing your charisma.,0,0,Effortlessly cool.,Quietly captivating.,Charms everyone.,Uniquely authentic.,Wears same hoodie.
M,-5,male_test_daily35,cover_male_test_daily35,Daily,This test reveals your secret superpower... ğŸ’¥,Your go-to crisis mode.,0,0,Fiercely protective.,The clever planner.,Gruff but caring.,Ready for action.,Needs more coffee.
M,-6,male_test_daily36,cover_male_test_daily36,Daily,âœ… or âŒ? Your choice reveals your relationship type!,What's your relationship vibe?,0,0,Sweet and caring.,Mysterious and intense.,A perfect balance.,Loyal and protective.,Emotionally unavailable.
G,-6,male_test_daily37,cover_male_test_daily37,Daily,Bad Boy or Babysitter?  Your choice reveals your true self!,Decoding your heart of gold.,0,0,Witty and misunderstood.,The cool protector.,"Sarcastic, but sweet.",Fiercely loyal.,Just really tired.
M,-6,male_test_daily38,cover_male_test_daily38,Daily,Are you the drama? ğŸ¤« This quiz knows for sure.,Pinpointing your relationship drama.,0,0,Intense and passionate.,Quietly observing.,The supportive friend.,Loves a little chaos.,Actively self-sabotaging.
M,-6,male_test_daily39,cover_male_test_daily39,Daily,ğŸ¤” This quiz knows what you're secretly overthinking...,Unpacking your inner monologue.,0,0,The near future.,Past conversations.,My own potential.,Life's big questions.,That one awkward thing.
O,-6,male_test_daily40,cover_male_test_daily40,Daily,Smash or Pass? Your choice reveals your secret craving! ğŸ˜‰,What's your true desire?,0,0,Sweet and simple.,Loves a daydream.,Wants it all.,Funny and charming.,Actually dead inside.
G,-6,male_test_daily41,cover_male_test_daily41,Daily,ğŸ¥° This picture reveals your secret love story...,Your secret romantic side.,0,0,A summer romance.,Sweet and charming.,A carefree crush.,Deeply loyal.,A little delusional.
G,-6,male_test_daily42,cover_male_test_daily42,Daily,Touch your ideal loverğŸ‘‰,Pinpointing your relationship style.,0,0,Sweet and loyal.,Artsy and deep.,Wild and adventurous.,Charming and chic.,"Happily single, thanks."
I,-6,male_test_daily43,cover_male_test_daily43,Daily,Modern Rebel or Classic Rogue?,What's your romantic downfall?,0,0,Misunderstood sad boy.,"Confident, charming rogue.",A man with secrets.,Loves a good project.,A walking red flag.
M,-6,female_test_daily55,cover_female_test_daily55,Daily,Devil or Mean Girl? ğŸ˜ˆğŸ‘‘ We'll guess your inner boss!,Decoding your power move.,0,0,"Cool, calm, collected.",The social queen.,Knows their worth.,Secretly a softie.,Judges your outfit.
M,-6,female_test_daily56,cover_female_test_daily56,Daily,Gazing at the stars... âœ¨ What's your soul secretly wishing for?,Decoding your heart's true wish.,0,0,A grand adventure.,"True, passionate love.",Success and recognition.,A moment of peace.,To just be left alone.
M,-6,female_test_daily57,cover_female_test_daily57,Daily,This magical moment reveals your biggest dream! âœ¨,Your soul's greatest wish.,0,0,A new adventure.,"True, epic love.",Finding my purpose.,A creative dream.,I should've stayed home.
M,-6,female_test_daily58,cover_female_test_daily58,Daily,Light Magic or Earth Magic? â˜€ï¸ğŸŒ³,This quiz knows your soul type.,0,0,Serene and graceful.,Wild and creative.,A mysterious soul.,Deeply intuitive.,Powered by caffeine & anxiety.
G,-6,female_test_daily59,cover_female_test_daily59,Daily,Build Your Dream Dessert,We'll Guess Your Core Personality! ğŸ¨,0,0,Sweet and classic.,A pop of fun.,Fresh and vibrant.,A perfect mix.,I'm stressed.
M,-6,female_test_daily60,cover_female_test_daily60,Daily,Click this hair color to reveal your secret aesthetic ğŸ’…,Unlocking your inner aesthetic.,0,0,Soft and dreamy.,Bold and artistic.,Chic and minimal.,Vintage and cozy.,My five-minute-panic look.
M,-6,female_test_daily61,cover_female_test_daily61,Daily,Choose Your Goddess Archetype To Reveal Your Secret Power! ğŸ”®,Decoding your inner goddess.,0,0,A gentle heart.,A wild spirit.,A perfect balance.,A wise soul.,Secretly a goblin.
M,-11,female_test_daily62,cover_female_test_daily62,Daily,This dreamy pic reveals what your soul is truly dreaming of... ğŸ’­,Decoding your inner dreamscape.,0,1,A beautiful escape.,A whirlwind romance.,"A quiet, peaceful moment.",A creative breakthrough.,Replaying every mistake I've ever made.
G,-98,female_test_daily63,cover_female_test_daily63,Daily,This Quiz Knows Your True 'Out Of Office' Vibe... ğŸ¹,Your personality's 'on' vs 'off' mode.,1,0,Ready for fun.,Spontaneous and free.,Chilling and unbothered.,Perfectly chaotic.,My screen time alert.
L,-6,female_test_daily64,cover_female_test_daily64,Daily,Click these nails to reveal your hidden elegance âœ¨,Defining your inner grace.,0,0,Timeless and graceful.,A creative soul.,Calm and composed.,A romantic heart.,My nails are chipped.
L,-6,female_test_daily65,cover_female_test_daily65,Daily,Click this bag to reveal what you're secretly carrying... ğŸ‘œ,Unpacking your hidden self.,0,0,Effortless elegance.,Ambitious goals.,A well-kept secret.,A romantic heart.,A bunch of old receipts.
M,-6,female_test_daily66,cover_female_test_daily66,Daily,Click these hands to reveal your life's secret timing... â³,Unlocking your inner rhythm.,0,0,Perfectly on schedule.,Living in the moment.,Ahead of the curve.,Trusting the process.,"Five minutes late, eternally."
L,-7,male_test_daily44,cover_male_test_daily44,Game,Which Game Character Are You?,Find your inner avatar now! âš”ï¸,0,0,Fearless Warrior,Cunning Strategist,Stealth Assassin,Elemental Mage,NPC Nobody Notices
L,-7,male_test_daily45,cover_male_test_daily45,Game,"So, You Think You're a Pro at This Role? ğŸ®ğŸ”¥",Discover your ultimate game character now!,0,0,Jungle Destroyer,Sniper King,Shadow Stalker,Tactical Grenadier,Professional Benchwarmer
K,-7,male_test_daily46,cover_male_test_daily46,Adventure,Are You the Ultimate Explorer?,Find your wild adventurer type now! ğŸ”¥,0,0,Brave Pathfinder,Treasure Seeker,Shadow Wanderer,Survival Expert,Lost in the Tutorial
M,-7,male_test_daily47,cover_male_test_daily47,Adventure,You're Lost in the Wild... Now What? ğŸŒ²ğŸš¶,Find out what will save you! ğŸ”¥ğŸ—ºï¸,0,0,Survival Axe,Navigation Compass,Action Camera,All-Terrain Boots,A Map You Can't Read
F,-7,male_test_daily48,cover_male_test_daily48,Adventure,Test Your Fitness Buddyâ€¦â€¦ğŸ˜,Who's your perfect workout match? ğŸ”¥,0,0,Dumbbell King,Yoga Mat Master,Resistance Bands Champ,Punching Bag Hero,Couch Fitness Expert
N,-7,male_test_daily49,cover_male_test_daily49,Personality,Your Hidden Powers Are Awakening! âš¡ğŸ”¥,What's your true destiny?,0,0,Lightning Speed||||Faster than sound or sight.,Herculean Strength||||Crush boulders with bare hands.,Master Strategist||||Outsmart enemies in every battle.,"Shadow Assassin||||Invisible, swift, and deadly strikes.",Procrastination Champion||||Putting off greatness until... never.
N,-7,male_test_daily50,cover_male_test_daily50,Personality,Natural Landscape Represents Your Personalityâ€¦ ğŸŒ¿ğŸŒ‹ğŸŒŠ,Find your reflection in nature's mirror!,0,0,"Sunny Grassland ||||Warm and cheerful, you bring comfort.","Calm Lake||||Quiet on the surface, deep within.","Fiery Volcano|||| Bold and passionate, just don't blow up!","Mystic Forest||||Mysterious and complex, always intriguing.",Desolate Desert||||Too independent to let others close.
N,-7,male_test_daily51,cover_male_test_daily51,Wealth,If You Suddenly Became Richâ€¦ ğŸ’°âœ¨,Your first move says it all! ğŸ˜,0,0,Supercar Splurge||||Lamborghini? Maybe two.,Build a Man Cave||||Ultimate gaming + chill zone.,Buy Bitcoin (Again)||||You're the next crypto king.,"Go Off-Grid||||Private island, anyone?",Lose It All||||But you looked so cool doing it!
H,-7,male_test_daily52,cover_male_test_daily52,Wealth,Someone Gives You a Fortuneâ€¦ ğŸ’¸âœ¨ Who?,But who'd be that generous? ğŸ¤”,0,0,A Mysterious Tycoon,Your Boss,A Long-Lost Relative,Your Best Friend,Your Dreams
I,-7,male_test_daily53,cover_male_test_daily53,AI,AI Predicts Your Life in 10 Years! ğŸ¤–,You're winning orâ€¦ still dreaming?,0,0,Billionaire Tycoon,Robot CEO,Life Dreamer,Couch potato,Busy bee
I,-7,male_test_daily54,cover_male_test_daily54,AI,Are You an AI Personality?,"Test your ""Artificial Intelligence"" index!",0,0,30% AI,50% AI,70% AI,90% AI,Totally a robot
N,-7,male_test_daily55,cover_male_test_daily55,Sport,Which Sports Star Will Inspire You? ğŸ€âš½,Hear their legendary words! ğŸ”¥âœ¨,0,0,"Michael Jordan||||After failing, I still shoot.",Cristiano Ronaldo||||Dreams don't work without effort.,Kobe Bryant||||Hard work betrays none.,Neymar||||The secret is to believe in your dreams.,"Charles Barkley||||I'm not a role model, but I'm real."
O,-7,male_test_daily56,cover_male_test_daily56,Sport,Can You Succeed at Fitness? ğŸ‹ï¸ğŸ’ª,Let's find out your vibe! ğŸ”¥,0,0,Born to Be Fit,Sweating in Style,Trying but Thriving,Slow and Steady,Does Lifting Pizza Count?
O,-7,male_test_daily57,cover_male_test_daily57,Love,Does Your Crush Like You Back? â¤ï¸ğŸ¤”,Let's decode their feelings! ğŸ”,0,0,Dream Come True,Watching You,It's Complicated,Keep Trying,Likes Someone Else
O,-7,male_test_daily58,cover_male_test_daily58,Love,Tap Your Summer Girlfriend ğŸ’˜,Super Accurate Love Test!,0,0,Beach Babe,Flirty Dancer,Fitness Guru,Gentle Artist,Sweet Foodie
M,-7,male_test_daily59,cover_male_test_daily59,Car,Click to Discover Your Ultimate Car Personality ğŸš—âœ¨,âœ¨ Super Fun Auto Quiz!,0,0,Speed Demon,Off-Road Adventurer,Classic Collector,Luxury Dreamer,Tech Trendsetter
I,-7,male_test_daily60,cover_male_test_daily60,Career,Find Your True Calling ğŸš€ Career Quiz!,Your Dream Job Awaits,0,0,Tech Visionary,Creative Genius,Health Care Hero,Eco Trailblazer,Procrastinator
N,-7,male_test_daily61,cover_male_test_daily61,Humor,Whatâ€™s Your Emotional Support Habit?,"Coping strategies, but make them chaotic.",0,0,Endless scrolling||||Dooming your thumb one reel at a time.,Fake productivity||||Looking busy to avoid an existential crisis.,Talking to pets||||Because your cat never interrupts or judges.,Impulse shopping||||You felt sad. Now you have five boxes coming.,Aesthetic crying||||Tears + lighting = Oscar-worthy breakdown.
G,-7,male_test_daily62,cover_male_test_daily62,Food,ğŸ”What's Your Ultimate Food Mood?,"From savage cravings to ""just one more bite.""",0,0,Meat sweats incoming,Pizza > Everything,Snack attack mode,"Grill it, bro",A bottle of water.
L,-89,male_test_daily63,cover_male_test_daily63,Life,Whatâ€™s Your Ideal Beach Life?,"Sun, chillâ€¦ and definitely hot girls.",1,0,Bikinis and beers,"Lying, not working",Grill. Chill. Girls.,Tan lines expert,Sunset surfer
L,-8,female_test_daily87,cover_female_test_daily87,Personality,A Tiny Detail Reveals Your Personality,How do you usually close a door?,0,0,Soft-Hearted Observer,Chaos But Capable,Zero Chill Energy,Overthinking Mastermind,Not Suspicious At All
L,-8,female_test_daily88,cover_female_test_daily88,Personality,Your Personality Lies in the Way You Wait,What do you do when someone's late?,0,0,Secretly Sensitive,Dreamy Overthinker,Anxious Action Type,Creative Escapist,Queen of Boundaries
K,-8,female_test_daily89,cover_female_test_daily89,Career,What Will Be Your Career Crown?,What's your first move at work?,0,0,Strategic Leader,Resilient Pro,Team Soul,Chaos Hero,Quiet Fixer
F,-8,male_test_daily64,cover_male_test_daily64,Entertainment,What Kind of Italian Brainrot Creature Are You?,Choose your creature combo.,0,0,Ballerina Cappuccina,Bombardiro Crocodilo,Chimanzini Bananini,Tralalero Tralala,Bombombini Gusini
H,-8,male_test_daily65,cover_male_test_daily65,Love,ğŸ’˜ Can You Win Your Crushâ€™s Heart?,"She sends: ""I'm a little tired tonight.""How do you respond?",0,0,I know I'm just a friend.,You're a warm guy.,You know me.,Dangerous game.,â€¦â€¦
M,-8,male_test_daily66,cover_male_test_daily66,Career,What Kind of Work Guy Are You?,Pick Your Favorite Tie Color,0,0,The Closer,The Harmonizer,The Shadow Leader,The Analyst,The Idea Guy
L,-8,female_test_daily90,cover_female_test_daily90,Career,ğŸ’¼ğŸ’„ Whatâ€™s Your Perfect Job?,Pick the meme that matches your mood.,0,0,Crisis Manager,Entrepreneur,Lawyer,Data Analyst,Creative Director
N,-8,female_test_daily91,cover_female_test_daily91,Entertainment,ğŸ¬ What Movie Is Your Life Like?,ğŸ’¿ Pick a CD for your life's soundtrack!,0,0,"Drive||||Silent roads, violent turns.","La La Land||||Love fades, dreams stay.","The Wolf of Wall Street||||Rise fast, fall harder.",Inception||||Nothing is ever just real.,"Gone Girl||||Beautiful mask, darker truth."
M,-8,male_test_daily67,cover_male_test_daily67,Entertainment,ğŸ›³ï¸Would You Survive the Titanic?,Choose your seat on board.,0,0,You lived like royalty.,You made powerful friends.,You kept your head down.,You danced through chaos.,You were the iceberg.
F,-8,female_test_daily92,cover_female_test_daily92,Dress,ğŸ‘— Test your dress todayâ€¦ğŸ’…,Tap your favorite accessory.,0,0,Elegant charm with a quiet confidence.,Power look for the ambitious mind.,Street smart with effortless cool.,Parisian vibes with timeless grace.,"Drama queen, but make it fashion."
Q,-8,male_test_daily68,cover_male_test_daily68,Entertainment,ğŸ” If You Could Restart Your Life...,What kind of life do you want to live?,0,0,"||||Rich, Again.",||||Cold but Brilliant.,||||Flirt with Goals.,"||||Hero, Lowkey.",||||Still Messy.
Q,-8,male_test_daily69,cover_male_test_daily69,Name,ğŸ’ How Strong Are Your Names Bond?,Enter your name to reveal fate.,0,0,||||Cosmic Soulmates,||||High Compatibilityï¼,||||Potential Match,||||Temporary Orbit,||||No Signal
Q,-8,male_test_daily70,cover_male_test_daily70,AI,AI Calculated Your Past Life!,AI is calculating...,0,0,||||You were a fearless warrior.,||||You lived as a wandering poet.,||||You ruled a peaceful village.,||||You were a mischievous trickster.,||||You lived a mysterious life.
Q,-8,female_test_daily93,cover_female_test_daily93,Magic,ğŸŒˆ Whatâ€™s your vibe today?,A letter reveals your mood,0,0,||||Always On,||||Barely Breathing,||||Chill Queen,||||Drama Magnet,||||Existential Crisis
P,-8,male_test_daily71,cover_male_test_daily71,Sports,ğŸ‹ï¸â€â™€ï¸ Your Name Reveals Your Fitness Power,A message from the universe,0,0,,,,,
J,-89,female_test_daily67,cover_female_test_daily67,Dress,ğŸ’‡â€â™€ï¸What's Your Hair Mood Today?,âœ¨ Find your perfect hairstyle vibe!,1,0,Messy Bun,Curtain Bangs,Sleek Bob,Boho Waves,Crying in the Salon
G,-9,female_test_daily68,cover_female_test_daily68,Dress,ğŸ’„What's Your Makeup Aura?, Pick your glam personality!,0,0,Dewy Glow,Bold Red Lip,Foxy Eyeliner,Soft Peach Blush,Mascara Tears at 3AM
G,-9,female_test_daily69,cover_female_test_daily69,Dress,Test Your Outfit Vibe Todayâ€¦â€¦ğŸ‘—,âœ¨ Let fashion choose for you!,0,0,Oversized Blazer,Cottagecore Dress,Monochrome Queen,Y2K Glitter Set,Pajamas
G,-9,female_test_daily70,cover_female_test_daily70,Dress,ğŸ’…Which Nail Style Suits You Best?,âœ¨ Find your fingertip soul!,0,0,French Tips,Chrome Cat Eye,Jelly Pink,Floral Art,Chewed Off in Stress
N,-9,female_test_daily71,cover_female_test_daily71,Plant,ğŸŒ¿What Kind of Plant Are You?,ğŸª´Your leafy twin awaits!,0,0,Peace Lily||||Calm but dramatic drops,"Cactus Babe||||Low effort, high defense",Ivy Climber||||Always chasing sunlight,"Orchid Mood||||Gorgeous, but high-maintenance",Dead Fern||||Watered once. Still died.
N,-9,female_test_daily72,cover_female_test_daily72,Plant,ğŸ’˜What's Your Love Style as a Plant?,Let your roots reveal all!,0,0,"Aloe Healer||||Gentle, but guarded",Sunflower Heart||||Loyal to the sun,"Hanging Pothos||||Low-key, always there",Venus Flytrap||||Sweet... until it snaps,Plastic Plant||||Looks fine. Feels nothing.
N,-9,female_test_daily73,cover_female_test_daily73,Food,Test Your Foodie Personalityâ€¦ğŸœ,ğŸ˜‹ Your cravings reveal your soul!,0,0,"Spicy Ramen||||Bold, never boring",Matcha Cake||||Soft but mysterious,"BBQ Ribs||||Loud, loyal vibes",Sushi Set||||Chill with quiet depth,"Leftover Fries||||Cold, forgotten, still here"
G,-9,female_test_daily74,cover_female_test_daily74,Food,ğŸ§What Dessert Matches Your Love Life?,ğŸ’˜Your sweetness hides the truth!,0,0,Red Velvet,Caramel Pudding,Cotton Candy,Tiramisu Heart,Expired Pudding
N,-9,female_test_daily75,cover_female_test_daily75,Age,Can We Guess Your Age?ğŸ’â€â™€ï¸,Based on your vibe alone!,0,0,Gen Z Chaos||||Lives on iced coffee,Soft Millennial||||Crochets and cries,"Late 90s Kid||||Still says ""LOL""",Forever 25||||Skincare is personality,Mentally Retired||||Soul is 87
N,-9,female_test_daily76,cover_female_test_daily76,Personality,ğŸ¦„Which Pony Matches Your Personality?,Your inner sparkleâ€¦,0,0,"Twilight Sparkle||||Smart, loves control","Pinkie Pie||||Chaos, but make it fun",Rarity Mood||||Glam with high standards,"Fluttershy Vibe||||Quiet, secretly powerful","Background Pony||||Present, but forgotten"
G,-9,female_test_daily77,cover_female_test_daily77,Travel,Where Should You Travel Next?,Your vibe picks the place!,0,0,Tokyo Streets,Santorini Sunset,Seoul CafÃ©s,Morocco Bazaar,Your Couch
J,-9,female_test_daily78,cover_female_test_daily78,Wedding,ğŸ’Where Will You Get Married?,Your dream wedding starts here!,0,0,Beachside Vows,Gothic Castle,Garden Picnic,City Rooftop,Nowhere Yet
N,-9,female_test_daily79,cover_female_test_daily79,Love,A Love Story for YOUğŸ’Œ,A fairy tale written just for you,0,0,Runaway Kiss||||Met on a train. Missed his stopâ€”kissed you instead.,Secret Letters||||Left notes in library books. Fell in love anonymously.,Rival to Lover||||Fought over everythingâ€¦ until you shared one umbrella.,Fleeting Summer||||Met by the sea. Never asked names. Still remembering.,Left on Read||||He disappeared. So I loved myself louder.
G,-9,female_test_daily80,cover_female_test_daily80,House,What's Your Future Home? ğŸ”®ğŸ ,Manifest your dream walls,0,0,City Penthouse,Forest Cabin,Seaside Villa,Glass House,Space Pod
G,-9,female_test_daily81,cover_female_test_daily81,Ride,Which Car Truly Deserves You? ğŸ‘‘ğŸš˜,Your Ride or Nothing,0,0,Sporty Convertible,Luxury SUV,Electric Hatchback,Retro Coupe,Custom Supercar
N,-9,female_test_daily82,cover_female_test_daily82,Magic,What Ancient Curse Haunts Your Soul?,Your fate was sealed long ago...,0,0,Snack Forever Curse||||You can't stop eating snacks. Even in your sleep.,Wrong-Song Curse||||You only sing the wrong song at the worst moment.,Frog Magnet Curse||||Frogs love you. A little too much.,WiFi Ban Curse||||Every router hides from you. Forever.,Dramatic Wind Curse||||A wind machine follows you. Even in the bathroom.
M,-11,female_test_daily83,cover_female_test_daily83,Magic,What Ridiculous Curse Follows You Around? ğŸ”®,What Silly Curse Did You Accidentally Trigger?,0,1,Always Drops Snacks,Phone at 1%,Socks Never Match,Laughs at Funerals,Hair Reacts to Mood
G,-9,female_test_daily84,cover_female_test_daily84,Magic,ğŸ§™â€â™€ï¸What Type of Witch Are You?,Discover your magical vibe! âœ¨,0,0,Kitchen Witch,Green Witch,Sea Witch,Lunar Witch,Death Witch
G,-9,female_test_daily85,cover_female_test_daily85,Love,What's Your Secret Love Style?ğŸ’‹,"Flirty, fiery, or just forbidden? ğŸ”¥",0,0,Midnight Text Tease,Dangerous Game Player,Silent Seduction Expert,Forbidden Touch Seeker,Too Hot To Handle
G,-89,female_test_daily86,cover_female_test_daily86,Love,ğŸ”¥Tap to Reveal Your Hidden Desire ğŸ˜,Tease or please? Find out now! ğŸ’‹,1,0,Silent Touch,Burning Glance,Whispered Secrets,Forbidden Kiss,Electric Pulse
G,-10,female_test_daily107,cover_female_test_daily107,plant,Test This: Your Garden Soul Will Shock You ğŸ˜‚ğŸŒ·,Find out which bloom reflects your vibe.,0,0,English Rose Manor,Zen Moss Retreat,French Herb Kitchen,Wild Urban Jungle,Plastic Lawn Queen
L,-10,female_test_daily108,cover_female_test_daily108,dress,ğŸ’—Whose Bag Gets Your Charm? ğŸ”—ğŸ’¼,A charm reveals a choice.,0,0,Ink-Stained Poet,Leather Glove Tease,Friend-Zoned Crush,Mystery First Arriver,No One.
G,-10,female_test_daily109,cover_female_test_daily109,dress,Test Your Perfect Denim Fit ğŸ‘–âœ¨,Perfect Denim can change everything.,0,0,90s Straight Cut,Baggy Low Rise,Dark Wash Slim,Frayed Hem Flare,Micro Denim Skirt
N,-89,female_test_daily110,cover_female_test_daily110,entertainment,If You Were the Drama Heroineï¼ŒWhich Guy Would You Woo? ğŸ’•,"Pick your target, and let the story begin.",1,0,Cold CEO||||A ruthless boss who melts only for you.,Bad Boy Rebel||||A rebel hiding a tender heart.,Sweet Neighbor||||The caring next-door guy watching over you.,Mysterious Stranger||||A stranger who flips your world upside down.,Your Friendssss||||You bad girl.
L,-89,female_test_daily111,cover_female_test_daily111,dress,What's Your Broccoli Hair Energy? ğŸ¥¦âœ‚ï¸,One cut. Infinite vibes.,1,0,Soft Fluff Boy,Trend-Core Prince,Shy Barista Cut,Hypeboy Max Volume,"Still a Bowlcut, Bro"
M,-10,female_test_daily112,cover_female_test_daily112,love,What Age Will You Meet Your True Love? ğŸ’˜ğŸ“†,Your soulmate has a calendar. Let's check the date.,0,0,22:Young and intense.,28:Mature but exciting.,31:Late but worth it.,"35:Finally, the real deal.",Never:You are your own soulmate.
M,-10,female_test_daily113,cover_female_test_daily113,love,What's Written on Your Soulmate's Tattoo? ğŸ”¥ğŸ–‹ï¸,Clue: It might be your name. Or your secret.,0,0,Your initials,A phrase only you understand.,A date you'll never forget.,A matching symbol.,Their ex's name... oops.
M,-10,female_test_daily94,cover_female_test_daily94,parenting,What Will Be the First Letter of Your Child's Name?ğŸ‘¼,Destiny starts with a letter. Let's reveal it.,0,1,A:Ambitious and bold.,L:Loving and loyal.,M:Mysterious charm.,S:Star in the making.,Z:Just... chaos.
N,-10,female_test_daily95,cover_female_test_daily95,love,Universe know how many times you'll deeply fall in love. ğŸ’“,Real love hurts. But how many times will it hit you?,0,0,Once||||One and done.,"Twice||||One to forget, one to remember.",Three||||The rule of threes.,"Four||||You fall hard, often.",Zero||||You only date for snacks.
G,-10,female_test_daily96,cover_female_test_daily96,life,Where Will You Live in Your 40s? ğŸŒ†ğŸï¸,Your energy matches a city. Let's find it.,0,0,Ultra-Modern High-Rise,Historic Romance District,Beachside Chill Life,A quiet village,"Nowhere Fancy, But Feels Right"
N,-10,female_test_daily97,cover_female_test_daily97,life,Who Will Be Jealous of You in 10 Years? ğŸ‘€ğŸ·,Their envy says more about your glow-up than their downfall.,0,0,Your ex||||Clearly missed out.,A frenemy||||Should've been you.,Old classmates||||Glow-up alert.,Your boss||||You passed them.,Yourself||||For not starting sooner.
N,-10,female_test_daily98,cover_female_test_daily98,love,How Many People Are Secretly in Love With You? ğŸ˜³â¤ï¸â€ğŸ”¥,You'd be surprised how many hearts are hiding it.,0,0,One||||But they're intense.,Two||||Playing it cool.,Three||||Love triangle? Try square.,Four+||||You're the main character.,None||||But your cat loves you.
H,-95,female_test_daily99,cover_female_test_daily99,life,How Will Your Enemies Describe You? ğŸ’…,Not fansâ€¦ but still obsessed.,1,0,Too confident for no reason.,Dangerously charming.,Always five steps ahead.,"The moment, unfortunately.",Woke up and chose drama.
G,-10,female_test_daily100,cover_female_test_daily100,hobby,ğŸµ What's On Your Life Playlist?,Every moment deserves its own theme song.,0,0,Melancholy Jazz,Bedroom Pop,Angry Rap,Indie Folk,Chaotic EDM
N,-10,female_test_daily101,cover_female_test_daily101,hobby,Your Scent Personality Awaitsâ€¦ ğŸŒ¸âœ¨,Find the perfume that speaks your soul.,0,0,"Soft Florals||||gentle, romantic, quietly confident.","Spicy Woods||||bold, mysterious, unforgettable.","Fruity Pop||||playful, sweet, a little chaotic.","Clean Musks||||fresh, elegant, lowkey rich.",Familiar smell||||Smells likeâ€¦your ex's hoodie.
O,-10,female_test_daily102,cover_female_test_daily102,hobby,Tap the Picture to Test Your Travel DNA ğŸ§³ğŸŒ,Where your soul goes when you pack light.,0,0,Culture Explorer,Beach Bum,Thrill Seeker,Wellness Nomad,Gets lost in airport duty free.
N,-100,female_test_daily103,cover_female_test_daily103,Personality,Test Your Emotional Beverage ğŸ¥¤,What are you really sipping today?,1,0,"Matcha||||calm on the outside, chaos within.","Iced Americano||||cold, bitter, reliable.","Boba Milk Tea||||sweet, dramatic, needs attention.",Red Wine||||overthinking in a glass.,Tap water||||Boredddddd!
M,-10,female_test_daily105,cover_female_test_daily105,life,What's Your Secret Source of Comfort ğŸ’—,"When life feels heavy, where does your heart go?",0,0,A warm bath and no phone.,That one friend who gets you.,"Music, loud and sad.","A late-night walk, alone.",Online shopping cart.
O,-10,female_test_daily106,cover_female_test_daily106,love,ğŸ”¥ What Can't You Let Go Of?,Some obsessions are too delicious to forget.,0,0,Their late-night texts.,That one forbidden kiss.,How they looked at you like that.,"The ""what if"" you never dared ask.",The way you lost controlâ€”and liked it.
G,-11,male_test_daily72,cover_male_test_daily72,life,What's Your Stress Level Right Now?,Discover how tense or relaxed you really are...,0,0,10%||||Calm & Collected,20%||||Slightly Stressed,50%||||Overwhelmed,80%||||On Edge,0%||||Ate All Snacks
K,-11,male_test_daily73,cover_male_test_daily73,parenting,What Kind of Dad Are You?,Find out your dad style and how you handle family life...,0,0,Fun & Playful,Strict & Organized,Supportive Mentor,Laid-Back Dad,Snack Hoarder
M,-11,male_test_daily74,cover_male_test_daily74,life,Who Do You Regret Missing the Most? ğŸ’”,Find out whose absence still lingers in your heart...,0,0,High School Crush,Childhood Friend,A Neighbor,College Mentor,Your Happier Self
L,-11,male_test_daily75,cover_male_test_daily75,life,Which Health Habit Should You Adopt? ğŸ’ª,Discover the simple change that could improve your life...,0,0,Morning Jog,Drink More Water,Eat More Veggies,Stretch Daily,Nap Anytime
N,-11,male_test_daily76,cover_male_test_daily76,life,Which Classic Car Matches Your Personality?,Find out which vintage ride represents your true self...,0,0,Mustang||||Bold & adventurous,VW Beetle||||Fun & quirky,Porsche 911||||Fast & ambitious,Cadillac Eldorado||||Classic & stylish,Golf Cart||||Easy ride
N,-11,male_test_daily77,cover_male_test_daily77,entertainment,Which '80s Icon Are You?,Discover which legendary figure matches your personality...,0,0,Madonna||||Bold & daring,Michael Jackson||||Smooth & cool,Princess Diana||||Graceful & kind,David Bowie||||Unique & edgy,Rubik's Cube||||Classic challenge
I,-11,male_test_daily78,cover_male_test_daily78,life,What Will You Encounter on Firstlast Dayï¼Ÿ,Predict your first-day vibes...,0,0,New Best Friend,Strict Teacher,Lost in Hallways,Unexpected Crush,Tripped on Stairs
M,-11,male_test_daily79,cover_male_test_daily79,personality,Your Secret Romantic Side,Discover the side of you that only love reveals...,0,0,Candlelight Dinners,Love Notes,Surprise Getaways,Quiet Cuddles,Pizza Delivery
L,-11,male_test_daily80,cover_male_test_daily80,life,Who's Thinking About You?,The Answer May Surprise You...,0,0,Secret Admirer,Close Friend,Family Member,Your Destiny,Your Cat
G,-11,male_test_daily81,cover_male_test_daily81,entertainment,If You Were a Magical Creatureâ€¦,Discover your hidden mystical identityâ€¦,0,0,Dragon,Elf,Unicorn,Phoenix,House Cat
G,-11,male_test_daily82,cover_male_test_daily82,entertainment,"Don't Laugh, This Is Your Secret ğŸ¤­",Your quirkiest habit is finally exposedâ€¦,0,0,Sweet Tooth,Midnight Snacker,Daydreamer,Secret Dancer,Sock Hoarder
M,-11,male_test_daily83,cover_male_test_daily83,friend,Which Friend Would You Be in 10 Years?,Predict your future friendship style and vibeâ€¦,0,0,The Supportive One,The Fun Planner,The Wise Advisor,The Chill Listener,The Ghost Friend
M,-11,male_test_daily84,cover_male_test_daily84,life,The Thing You'll Regret Mostâ€¦,The little mistakes youâ€™ll laugh about laterâ€¦,0,0,Forgot Mom's Birthday,Ate Spoiled Milk,Texted Ex at 2AM,Missed Concert Tickets,Burned Toast
M,-11,male_test_daily85,cover_male_test_daily85,life,What Do You Need to Let Go?,Your next step starts with releaseâ€¦,0,0,Toxic Friendshipï¼ŒStop arguing,"Old Job, Move on","Bad Habit, Eat less","Past Mistake, Forgive self","Unfinished Netflix Series, Chill anyway"
M,-11,male_test_daily86,cover_male_test_daily86,love,Have You Really Forgotten Her? ğŸ’”,Find out if she still lingers in your heartâ€¦,0,0,Still Thinking,Occasionally Miss,Fully Moved On,Hard to Say,Forgot Lunch
J,-11,male_test_daily87,cover_male_test_daily87,life,What Will Your Rush Experience Be Like? ğŸ‰,Find out how your first campus event will unfoldâ€¦,0,0,Instant Friendships,Dance Party,Secret Challenges,Late-Night Talks,Spilled Drink
I,-11,male_test_daily88,cover_male_test_daily88,life,What's Your Keyword for September?,Discover the vibe that will define your monthâ€¦,0,0,Travel,Love yourself,Work,Concert,Leave
M,-94,male_test_daily89,cover_male_test_daily89,love,Your Love Life in 2026 â¤ï¸,Find out what the year has in store for your heartâ€¦,1,0,New Romance,Casual Dating,Single & Happy,Complicated,Love differently
L,-11,male_test_daily90,cover_male_test_daily90,life,What Are You Doing at 69?,Peek into your golden yearsâ€¦,0,0,Traveling the World,Gardening,Writing a Memoir,Teaching Grandkids,Gaming All Day
N,-11,male_test_daily91,cover_male_test_daily91,entertainment,You in the '60sâ€¦,Discover your groovy past lifeâ€¦,0,0,Flower Child||||Peace & love,Rock Star||||Music life,Beat Poet||||Words matter,Hippie Traveler||||Free spirit,Disco Fan||||Too early
N,-11,male_test_daily92,cover_male_test_daily92,daily,Childhood You VS Grown-Up You,Spot the change in your vibe,0,0,Childhood:Candy for dinner||||Adulthood:Bills for dinner,Childhood:Dreaming of castles||||Adulthood:Stuck in traffic,Childhood:Drawing superheroes||||Adulthood:Emailing bosses,Childhood:Naps = punishment||||Adulthood:Naps = luxury,"Childhood:""I'll never grow up!""||||Adulthood:""Why did I grow up?"""
O,-11,male_test_daily93,cover_male_test_daily93,emotion,Are You Truly Happy?,Letâ€˜s check your inner smile,0,0,"Yes, you feel complete","Mostly, with small doubts","Sometimes, not every day","Rarely, but I keep trying","Happy outside, broken inside"
M,-11,male_test_daily94,cover_male_test_daily94,daily,Whatâ€˜s Your September Keyword?,"A new month, a new vibe",0,0,Fresh Start,Hidden Luck,Bold Dreams,Silent Growth,Sweet Chaos
L,-90,male_test_daily95,cover_male_test_daily95,emotion,Where Does Your Heart Want to Return?,The place your soul misses most,1,0,Childhood backyard swing,Grandmaâ€™s warm kitchen,Carefree summer beach,First love corner,The moment before pain
O,-11,male_test_daily96,cover_male_test_daily96,personality,What Does Your Heart Desire Most?,Find the truth within,0,0,Endless love,Quiet freedom,True recognition,Steady peace,Escape from reality
U,-11,male_test_daily97,cover_male_test_daily97,emotion,Whatâ€˜s Your Deepest Regret?,A truth you canâ€™t escape,0,0,"Once, you fell in love, full of joy. But that love made you complacent. You exhausted his patience and tolerance, until you finally lost him forever.","You chose comfort and fun when you needed to work and study most. When an opportunity finally arrived, you found yourself lacking the skills to seize it.","You held onto your feelings for someone, keeping your love hidden inside. When the day came for you to leave forever, you still couldn't say the words, ""I love you,"" or ""thank you.""","You poured your heart out to a good friend, treating them with complete sincerity. But they betrayed you, and you trusted the wrong person.","You always care too much about how others see you, hoping to be liked by them. But all these years, youâ€™ve forgotten the one thing that matters most â€” to truly love yourself."
G,-11,male_test_daily98,cover_male_test_daily98,daily,"Actually, You Are a Treeâ€¦",Discover your soul species,0,0,You are a gentle willow,You are a fiery maple,You are a lonely pine,You are a blooming cherry,You are a broken stump
M,-11,male_test_daily99,cover_male_test_daily99,daily,What Luck Awaits You This September?,Your fortune is on the way,0,0,Unexpected gift,Sweet romance,Career breakthrough,Hidden money,Peace of mind
M,-11,male_test_daily100,cover_male_test_daily100,daily,Are You Truly Successful?,Letâ€™s measure your life score,0,0,Reached your goals,Still chasing dreams,Learning from failures,"Balancing work, life",Owning inner peace
M,-11,male_test_daily101,cover_male_test_daily101,daily,Will Your Wish Come True?,Let fate give you the answer,0,0,"Yes, very soon","Not yet, be patient",Only if you try,"Maybe, keep believing",Different wish will come
U,-11,male_test_daily102,cover_male_test_daily102,daily,A Message from Heavenâ€¦,Words your soul needs now,0,0,"I know you are in the darkness, feeling lonely and lost. But please, hold on. You must believe â€” the light will surely shine upon you.","If you are suffering right now, please donâ€™t lose heart, donâ€™t be anxious, because every pain will only make you stronger.","Please remember, there is always someone who loves you â€” whether in life or in heaven. You will always be worthy of love.","If you still hold dreams and faith in your heart, then go ahead and pursue them boldly. Thereâ€™s no need to care about the judgment of the world â€” your love for life is what makes you truly valuable.","Perhaps you are facing an unsatisfying life all on your own right now, but please remember, you will never be alone â€” I am with you. Stay strong."
O,-11,male_test_daily103,cover_male_test_daily103,daily,What Should You Do Right Now?,Let destiny guide your next step,0,0,Take a deep breath,Call someone you love,Finish that small task,Trust your own pace,Smile
O,-11,male_test_daily104,cover_male_test_daily104,daily,If You Could Go Back 10 Yearsâ€¦,One choice could change it all,0,0,Study much harder,Confess your love,Take that chance,Accompany your family,Go where you want to go
L,-96,male_test_daily105,cover_male_test_daily105,love,Does She Still Love You?,The answer your heart fears,1,0,"Yes, with all heart","A little, not enough","No, she moved on","Unsure, she hides it",She loves herself more
L,-89,male_test_daily106,cover_male_test_daily106,love,Does He Still Remember You?,"Memory fades, but not always",1,0,"Yes, every single detail",Only in his dreams,"Faintly, like old songs","No, he let go","Yes, but wrong name"
M,-11,male_test_daily107,cover_male_test_daily107,daily,Are You Truly Lonely?,A mirror for your soul,0,0,"Yes, every silent night","Sometimes, not always","Surrounded, yet lonely","No, heart feels warm",Lonely? Just need pizza
M,-11,male_test_daily108,cover_male_test_daily108,parenting,What Will Your Child Be Like?,A glimpse into their future,0,0,Kind and gentle heart,Brave with big dreams,Smart yet mischievous,Independent and strong,Totally different from you
I,-11,male_test_daily109,cover_male_test_daily109,parenting,What Kind of Parent Are You?,Your parenting style revealed,0,0,Strict but caring,Fun and playful,Overprotective always,Calm and patient,Best friend parent
O,-11,male_test_daily110,cover_male_test_daily110,daily,Blessings from Heaven,Words of light for your soul,0,0,May love surround you,Peace fills your heart,Strength walks beside you,Hope never leaves you,Angels guard your path
G,-11,male_test_daily111,cover_male_test_daily111,daily,What Pet Suits You Best?,Find your perfect friend,0,0,Loyal dog companion,Independent cool cat,Talkative little parrot,Quiet gentle rabbit,Mysterious pet snake
V,-11,male_test_daily139,cover_male_test_daily139,Personality,Touch the Mirror and Find Your True Self.,A Reflection of Your Inner World.,0,1,"You possess a quiet strength that carries you through every storm, lighting the path for others. Your resilience is deep, and the love you pour into your actions is your greatest legacy.","You navigate the world with soulful grace and unwavering generosity. Every challenge is met with honest effort, rooted in your dedication to forging a joyful future for your dearest loved ones.","Your boundless compassion and commitment to excellence show in every detail you touch. Despite a difficult road, you tirelessly strive forward, motivated to lift up the lives of those who rely on you.","With an inner light that never dims, you are an anchor of hope and stability. You tackle demanding situations with wisdom, driven by the profound purpose of providing comfort and happiness to your loved ones.","Your empathy creates a safe harbor, and your persistent spirit overcomes every obstacle. You know the true meaning of sacrifice, constantly pushing your boundaries to ensure a life of greater opportunity for the precious people in your heart."
W,-11,male_test_daily140,cover_male_test_daily140,daily,Tap the Window to See the Future's Revelation.,You Opened the View,0,1,Your greatest challenge will become your most valuable asset.,A surprising connection is the key to unlocking your next major goal.,"The clarity you seek is found only in stillness, not action.",Next season will bring the courage you need to finally begin.,You will realize that 'enough' has always been greater than 'more.'
X,-11,male_test_daily141,cover_male_test_daily141,daily,What Are the Red and Green Flags in Your Life?,Discover the Fuller You,0,1,Constant self-doubt|||||Consistent learning habits|||||Avoids difficult tasks|||||Seeks constructive feedback|||||Zero work-life boundaries,Fears vulnerability|||||Reliable communication|||||Always runs late|||||Actively listens first|||||Holds long grudges,Impulse spending habits|||||Clear future vision|||||Never tracks finances|||||Always meets deadlines|||||Easily distracted,Chronic overthinking|||||Prioritizes deep rest|||||Skips self-care|||||Maintains firm boundaries|||||Negative self-talk,Resists all change|||||Adapts to setbacks|||||Needsconstant validation|||||Naturally curious mind|||||Excessive perfectionism
L,-11,male_test_interactive1,cover_male_test_interactive1,nostalgic,Test how much your hometown has changed.,See the changes in your hometown from 1970 to 2025.,0,0,,,,,
L,-11,male_test_interactive6,cover_male_test_interactive6,story,ğŸ“– Your Life Record Revealed,"From birthplace to legacy, see your full story.",0,0,,,,,
N,-11,male_test_interactive11,cover_male_test_interactive11,match,âœ¨ How Well Do You Know 70s Stars?,Match the icons with their legendary roles!,0,0,0 point||||Totally Lost in the Disco Fog,1 point||||Rookie of the 70s,2 point||||Retro Enthusiast,3 point||||Almost a 70s Insider,4 point||||True 70s Superstar
W,-1,male_test_daily132,cover_male_test_daily132,daily,Touch the Pumpkin Lantern: What Future Awaits Inside?,Each flicker of its light whispers a secret about your destiny.,0,0,A path of fortune lights up before you â€” success is closer than you think.,"A stranger will cross your path, bringing both mystery and a spark of love.",Darkness fades â€” a long-kept wish will finally begin to take shape.,Beware of illusions â€” something that shines may not be what it seems.,"The flame tremblesâ€¦ chaos awaits, but through it, youâ€™ll find your true power."
V,-1,male_test_daily133,cover_male_test_daily133,daily,"On Halloween Night, What Power of Fate Will You Summon?",A hidden force answers your callâ€¦,0,0,"The Flame of Rebirth: from every ending you rise again, burning brighter each time life tries to break you.","The Shadowâ€™s Whisper: you see what others hide, reading truth in silence and power in the unseen.","The Moonâ€™s Blessing: your emotions become your magic, turning love, pain, and longing into creation.","The Ravenâ€™s Sight: you sense fate before it happens, guided by intuition sharper than reason.","The Storm Within: chaos surrounds you, but you command it, turning every wild moment into strength."
L,-1,male_test_daily134,cover_male_test_daily134,daily,Halloween Kiss Test: Will You Kiss a Prince or a Monster?,"Sweet, dark, or dangerously magicalâ€¦",0,0,Moonlit Princeâ€™s Kiss,Vampireâ€™s Burning Kiss,Witchâ€™s Forbidden Kiss,Ghostâ€™s Eternal Kiss,Monsterâ€™s Wild Kiss
G,-1,male_test_daily135,cover_male_test_daily135,daily,Which Character Will You Be on Halloween?,You will be the center of attention.,0,0,Iâ€™m a Witch,Iâ€™m a Vampire,Iâ€™m a Zombie,Iâ€™m a Skeleton,Iâ€™m a Ghost
W,-1,male_test_daily136,cover_male_test_daily136,daily,Pick a Candy to Reveal Your Hidden Personality!,Sweetness hides many truthsâ€¦,0,0,"Candy Corn:cheerful and nostalgic, you treasure memories and always find light in the past.","Pumpkin Lollipop:creative and a little dramatic, you love attention but give warmth in return.","Chocolate Skull:bold and mysterious, you hide passion behind calm eyes and a fearless smile.","Caramel Apple:loyal and grounded, you seek simple joys and protect those you love fiercely.","Witchâ€™s Toffee:clever, mischievous, and unpredictable, you turn chaos into charm wherever you go."
W,-1,male_test_daily137,cover_male_test_daily137,daily,Your Halloween Luck: Trick or Treat?,Will they bless you with fortune or play a wicked little trick?,0,0,Golden Pumpkin Luck:fortune smiles on you; every risk brings unexpected rewards this week.,"Haunted Fortune:luck comes and goes, but your charm keeps turning mishaps into magic.",Witchâ€™s Trick:beware of temptation; not everything sweet is meant for you.,"Candy Curse:chaos ahead, yet your playful heart will laugh through every twist of fate.","Moonâ€™s Blessing:calm energy surrounds you; peace, clarity, and small miracles follow your path."
U,-1,male_test_daily138,cover_male_test_daily138,daily,What Is the Spirit of Halloween Trying to Tell You?,The spirit whispers a truth your heart already knows.,0,0,Donâ€™t fear endings. Every shadow hides a new beginning waiting for your courage to step forward.,"Youâ€™ve carried too much light for others; now, let the darkness teach you how to rest.",The ghosts of your past donâ€™t haunt you.They guide you toward who youâ€™re meant to become.,Love that survives fear is the truest kind.Dare to let someone see your shadow and your flame.,"You are both the curse and the blessing.Once you accept that, the world will bend toward your will."
A,-115,female_Spanish_daily1,cover_female_Spanish_daily1,daily,Haz clic en el botÃ³n para revelar tu revelaciÃ³n fantasmal~  ,Â¿QuiÃ©n te encontrarÃ¡ primeroâ€¦?,0,1,,,,,
M,-114,female_Spanish_daily2,cover_female_Spanish_daily2,daily,Â¿QuÃ© tipo de bendiciÃ³n le darÃ­a Dios a tu corazÃ³n?,La luz de la Virgen revela tu destino.,0,1,,,,,
A,-116,female_Spanish_daily4,cover_female_Spanish_daily4,love,Toca la imagen para ver cÃ³mo eres en el amor.,"Â¿EstÃ¡s liderando, siguiendo o perdido en el ritmo?",0,1,,,,,
I,-118,female_Spanish_daily5,cover_female_Spanish_daily5,entertainment,Toca el trofeo y descubre quÃ© premio ganarÃ­as. ğŸ˜‚,Tu vibra decide tu premio.,0,1,,,,,
H,-120,female_Spanish_daily6,cover_female_Spanish_daily6,entertainment,Â¿QuÃ© tan dramÃ¡tic@ eres realmente?,Descubre si tu vida pertenece a un escenario o a una telenovela.,0,1,,,,,
K,-113,female_Spanish_daily7,cover_female_Spanish_daily7,entertainment,ğŸ˜‚ Si fueras un asado en la parrillaâ€¦,Â¿QuÃ© serÃ­as tÃº?,0,1,,,,,
A,-119,female_Spanish_daily8,cover_female_Spanish_daily8,love,Elige una belleza para descubrir tu estilo de amor.ğŸ˜,Â¿QuÃ© estilo de amor describe el tuyo?,0,1,,,,,
W,-112,female_Spanish_daily9,cover_female_Spanish_daily9,personality,Toca el cafÃ© para descubrir tu personalidad en el trabajo.,Tu elecciÃ³n de cafÃ© revela cÃ³mo sobrevives en la jungla de la oficina.,0,1,,,,,
V,-115,female_Spanish_daily10,cover_female_Spanish_daily10,personality,Â¿QuÃ© lugar es el hogar de tu alma?,Sigue tu corazÃ³n â€” sabe dÃ³nde realmente perteneces.,0,1,,,,,
I,-115,female_Spanish_daily11,cover_female_Spanish_daily11,daily,Toca el loro para ver quÃ© animal espiritual te protege.,Cada alma tiene un guÃ­aâ€¦,0,1,,,,,
V,-111,female_Spanish_daily12,cover_female_Spanish_daily12,daily,Toca el agua en el desierto. Â¿QuÃ© recibirÃ¡s?,"Incluso en los momentos mÃ¡s secos, una sola gota puede transformar tu vida.",0,1,,,,,
C,-110,female_Spanish_daily13,cover_female_Spanish_daily13,entertainment,Hechizad@ por un mago de los Andes. Â¿Te atreves a mirar?,"La maldiciÃ³n revela verdades sobre tu vida, Â¿estÃ¡s list@ para enfrentarlas?",0,1,,,,,
K,-110,female_Spanish_daily14,cover_female_Spanish_daily14,love,Â¿QuÃ© vino combina con tu vida amorosa?,Descubre el sabor de tu corazÃ³n.,0,1,,,,,
V,-110,female_Spanish_daily15,cover_female_Spanish_daily15,daily,Toca el mensaje en una botella para ver quÃ© te trae el ocÃ©ano.,Â¿QuÃ© sabidurÃ­a o bendiciones llegan a ti hoy?,0,1,,,,,
B,-110,female_Spanish_daily16,cover_female_Spanish_daily16,love,Â¡QuÃ© calor!ğŸ¥µToca el corazÃ³n para revelar quiÃ©n te gusta.,Â¿QuÃ© tipo de persona te amarÃ¡?,0,1,,,,,
L,-99,male_test_interactive16,cover_male_test_interactive16,nostalgic,Touch the picture to test your double life.,Slide the button to see your dual personality.,0,1,,,,,
L,-98,male_test_interactive17,cover_male_test_interactive17,story,Come test your double life,Keep tapping to reveal your other side.,0,1,,,,,
N,-97,male_test_interactive19,cover_male_test_interactive19,health,The cat can help test how healthy you are.,Complete the connections for your schedule.,0,1,"0 Points: A true medical miracle.||||You didnâ€™t get up this morning, because you never went to sleep.",1 Point: Your bloodstream is probably 80% coffee.||||The only workout you do is walking to get your delivery.,"2 Points: You survive purely on willpower.||||Every health article roasts you, yet somehow, youâ€™re still alive.","3 Points: Youâ€™re basically a wellness deity sipping herbal tea at sunrise.||||Sometimes healthy, sometimes crashing, like Windows 98 during an update.",4 Points: Youâ€™re a god soaking goji berries in a thermos.||||Even your doctor would give you a standing ovation.
Y,-98,male_test_interactive18,cover_male_test_interactive18,entertainment,Hurry up and find your mom!,"Connect the tadpole with its â€˜mom,â€™ LOLğŸ˜‚",0,1,Scan data shows you are not of my world. Stop claiming random individuals as your mother.,Woof woof woof! Not every living thing you see is your mother!,"Do you like my new look? Say something nice, and I'll be your mother!","Little squirt, I'm not your mother. But if you like mud and stinky smells too, we can be friends!","Although I am mysterious, noble, and strong, I apologize, but I am not your mother."
A2,-112,male_test_daily155,cover_male_test_daily155,humor,If you were a banana floating in space,Which planet would you say hi to?,0,1,"Saturn:Bro, can your rings be used as a slide? I wanna try a spin.","Wait, donâ€™t get too close, Iâ€™m about to become a crispy banana!","Youâ€™re so boring, Iâ€™ll just drift by myself. Bye~","Youâ€™re way too bright, making me look all gloomy",â€¦What are you doing?! â€” (signal lost)
Z,-119,male_test_daily156,cover_male_test_daily156,humor,You suddenly turn into a penguin while showeringï¼,What's your first reaction?,0,1,Ah? I have feathers now? Donâ€™t slip!,"Showering is also ice-skating? Heck, Iâ€™m winning!",Waitâ€¦can I sing the Penguin National Anthem? Letâ€™s try.,"Okay, first let me dry off with my flippers.",Oh noâ€¦turns out Iâ€™ve always been a penguin.
Z,-117,male_test_daily157,cover_male_test_daily157,humor,"In a Cat Kingdom job interview, which part would you fail?",The Cat HR is watching.,0,1,"Self-introduction: Sneezed while playing with yarn, total fail.",Skills demonstration: Tried to grab fish snacks but knocked over the plate.,"Answering questions: Too nervous, tripped over own tail.","Teamwork: Stepped on cat litter, chaos ensued.","Interview end: Turns out the Cat Kingdom isnâ€™t hiring, wasted effort."
A2,-117,male_test_daily158,cover_male_test_daily158,humor,"If the Sun is late for work tomorrow, what will you do?",I already wrote its absence note!,0,1,"Tuck it back to bed â€” no sunlight means no work, perfect.",Fine it one million light-years for emotional damage.,Ask the moon to cover for it â€” classic workplace chaos.,Hold a cosmic trial: guilty of universal laziness!,"Offer it a hug, maybe itâ€™s just burnt outâ€¦ literally."
Z,-116,male_test_daily159,cover_male_test_daily159,humor,You are a tofu block suddenly given a soul.,What is the first thing you do?,0,1,Jump straight into the hotpot â€” go out in a blaze of glory.,Join the gym and become the first tofu with abs.,Write an autobiography: From Bean to Being: The Awakening of Tofu.,Go confront soy sauce â€” â€œYouâ€™ve been soaking me for years!â€,Lie back on the plate and pretend the soul thing never happened.
A1,-115,male_test_daily160,cover_male_test_daily160,humor,"If your salary was paid in emojis, how much would you earn this month?",Is 'meme fighting' better than working?,0,1,One â€œdoge for survivalâ€ meme = three packs of spicy sticks before tax.,Mostly living on forwarded memes â€” monthly income: one iced Americano.,"Meme creator tycoon â€” financially free, socially bankrupt.",Occasional â€œIâ€™m emoâ€ bonuses keep me afloat.,Wrong account â€” got paid entirely in â€œcute textâ€ stickers this month.
A2,-114,male_test_daily161,cover_male_test_daily161,humor,Your boss has turned into a goldfish. What do you do?,"Workplace mutation, 0.1% survival rate!",0,1,Whisper softly: â€œSoâ€¦ can I go home now?â€,Take him to the market for appraisal â€” performance stress hits hard.,Fired him. Literally.,Build a fish tank kingdom so he can still feel superior.,"Submit a report: â€œBoss in stable condition, communication effective, justâ€¦ bubbly.â€"
A2,-113,male_test_daily162,cover_male_test_daily162,humor,You clicked on this quiz. Why?,"Never mind, fate made you do it.",0,1,"Accidental click, but fate doesnâ€™t make mistakes.",Thought it would tell me when I can finally retire.,Heard it increases attractiveness by 3%. Worth the risk.,Meant to tap the food delivery app. Oops.,It wasnâ€™t me â€” the system summoned me here.
Z,-120,male_test_daily163,cover_male_test_daily163,humor,You wake up as a jelly on a trampoline. What is your life goal?,This is probably your bounciest rebirth!,0,1,Bounce higher than the sun and shimmer mid-air like a superstar.,Go back to sleep â€” jellies donâ€™t hustle.,Start the Jelly Cult and preach the gospel of wobble.,Save the world? Nah. Become an influencer in the dessert industry.,Life goal? Justâ€¦ donâ€™t splatter.
V,-111,male_test_daily164,cover_male_test_daily164,humor,"If the clouds could gossip, what would they say about you?",oo much sky-high tea!,0,1,"Theyâ€™re talking to the air again... you know, the classic habit.","They desperately want to vanish daily, but the Wi-Fi signal down there is just too good.","You remember that last rainstorm we made? Apparently, their food delivery spilled right in the puddle.",I've calculated that about 60% of all earthly drama traces directly back to them.,"That one always looks calm on the surface, but mentally, they're starring in episode 47 of their own private soap opera."
Z,-110,male_test_daily165,cover_male_test_daily165,humor,If you became the 'Girl with a Pearl Earring'â€¦,Your artistic soul would suffer social death.,0,1,Take a selfie and post: â€œNew profile pic get #BaroqueVibesOnlyâ€,Edit in some AirPods â€” debut as a classical pop icon.,"Jump out of the frame yelling, â€œWhoâ€™s got the Wi-Fi password?!â€",Start an â€œOil Painting Survivors Chatâ€ to discuss art-world labor rights.,"Hang the pearl on a cat and say, â€œArt should be for everyone.â€"
Z,-109,male_test_daily166,cover_male_test_daily166,humor,What kind of Mona Lisa smile do you haveï¼Ÿ,What bug is hidden behind it?,0,1,Overtime Lisa â€” that smile hides 99+ unread work messages.,"Socially Anxious Lisa â€” smiling politely, dying inside.","Gossip Lisa â€” calm face, mental popcorn machine.",Meme Lisa â€” featured in 20 different meme chats this week.,Rebel Lisa â€” flipped the frame and quit to travel the world.
Z,-118,male_test_daily167,cover_male_test_daily167,humor,On the big cat stage...,Which feline are you destined to be the center-stage star?,0,1,"Lead Singer Cat â€” micâ€™s on, but firstâ€¦ a paw cleaning break.",Dancer Cat â€” moves powered by chaos and instinct.,"Expression Manager Cat â€” dead inside, camera-ready outside.",Tech Crew Cat â€” unplugged the lights â€œfor artistic purposes.â€,"Philosopher Cat â€” motionless, deep in thoughtâ€¦ or just asleep."
G,-107,male_test_daily168,cover_male_test_daily168,humor,What kind of meme are you?,Click to see how truly abstract you are.,0,1,You as a meme,You as a meme,You as a meme,You as a meme,You as a meme
A2,-106,male_test_daily169,cover_male_test_daily169,humor,"You are the CEO of ""Chaos Corp."" What is your very first new policy",Please speak rationally.,0,1,Mandatory nap at 3 PM â€” offenders get iced coffee.,Sleepwear meetings allowed â€” comfort equals productivity.,All reports must be sung or rapped â€” no exceptions.,Weekly snack desk inspection â€” the snacking champion gets promoted.,Institute a â€œChaos Awardâ€ for the most absurd office behavior.